NO,上平声,上平声,上平声,上平声,上平声,上平声,上平声,上平声,上平声,上平声,上平声,上平声,上平声,上平声,上平声,下平声,下平声,下平声,下平声,下平声,下平声,下平声,下平声,下平声,下平声,下平声,下平声,下平声,下平声,下平声,上声,上声,上声,上声,上声,上声,上声,上声,上声,上声,上声,上声,上声,上声,上声,上声,上声,上声,上声,上声,上声,上声,上声,上声,上声,上声,上声,上声,上声,去声,去声,去声,去声,去声,去声,去声,去声,去声,去声,去声,去声,去声,去声,去声,去声,去声,去声,去声,去声,去声,去声,去声,去声,去声,去声,去声,去声,去声,去声,入声,入声,入声,入声,入声,入声,入声,入声,入声,入声,入声,入声,入声,入声,入声,入声,入声
1,东,冬,江,支,微,鱼,虞,齐,佳,灰,真,文,元,寒,删,先,萧,肴,豪,歌,麻,阳,庚,青,蒸,尤,侵,覃,盐,咸,董,肿,讲,纸,尾,语[语言],麌,荠,蟹,贿,轸,吻,阮,旱,潸,铣,筱,巧,皓,哿,马,养,梗,迥,有,寝,感,琰,豏,送,宋,绛,寘,未,御,遇,霁,泰,卦,队,震,问,愿,翰[寒韵同],谏,霰,啸,效,号[号令],个,祃,漾,敬,径,宥,沁,勘,艳,陷,屋,沃,觉[知觉],质,物,月,曷,黠,屑,药,陌,锡,职,缉,合,叶,洽
2,同,咚,缸,枝,薇,渔,愚,黎,街,恢,因,闻,原,韩,潸,前,箫,巢,劳,多,花,杨,更[更改],经,烝,邮,寻,潭,檐,函[书函],懂,种[种子],港,只,苇,圉,雨,礼,解,悔,敏,粉,远[远近],暖,眼,善[善恶],小,饱,宝,火,下[上下],痒,影,炯,酒,饮[饮食],览,俭,槛,凇,用,降[升降],置,味,处[处所],路,制,太,挂,内,信,闻[名誉],怨,瀚,雁,殿,笑,教[教训],帽,贺,驾,上[上下],命,定,候,深,暗,剑,鉴,木,俗,角,日,佛,骨,达,拔[拔擢],节,薄,石,壁,国,辑,塔,帖,狭
3,童,彤,窗,肢,晖,初,娱,犁,鞋,魁,茵,纹,源,翰[翰韵同],关,千,挑,交,毫,罗,霞,扬,羹,泾,承,优,浔,参[参考],廉,缄,动,踵,棒,咫,鬼,圄,宇,体,洒,罪,允,蕴,晚,管,简,遣[遣送],表,卯,藻,舸,者,象,景,茗,首,锦,揽,焰,范,梦,颂,巷,事,气,去,辂,计,带,画[图画],辈,印,运,万,岸,患,面,照,貌,报,佐,夜,望[阳韵同],正[正直],听,就,饮[使饮],滥,念,泛,竹,玉,桷,笔,拂,发,末,八,雪,恶[善恶],客,历,德,戢,答,贴,峡
4,僮,农,邦,移[竹移],辉,书,隅,梨,牌,隈,辛,蚊,沅,丹,弯,阡,貂,郊,操[操持],河,家,香,盲,形,丞,忧,临,骖,帘,岩,孔,宠,蚌,是,岂,吕,舞,米,楷[佳韵同],馁,引,愤,苑,琯,版,浅,鸟,狡,早,亸,野,像,井,挺,口,品,胆,敛[艳韵同],减,凤,诵,撞[江韵同],地,贵,虑,赂,势,外,懈,佩,进,晕,饭[名词],汉,涧,县,庙,校,导,大[泰韵同],下[降也],相[卿相],令[命令],胜[胜败],售[尤韵同],禁[禁令],啖,验,梵,目,足,榷,出,屈,阙,阔,察,绝,作,白,枥,食[饮食],立,纳,牒,法
5,铜,侬,降[降伏],为[施为],徽,舒,无,妻[夫妻],柴,回,新,云,鼋,单,湾,笺,刁,茅,髦,戈,茶,乡,横[纵横],陉,惩,流,林,南,嫌,谗,总,垅[陇],项,靡,卉,侣,府,启,拐,每,尹,隐,返,满,板,典,"了[未了,了得]",爪,枣,舵,雅,橡,岭,艇,母[麌韵同],枕[枕衾],"澹[淡,勘韵同]",险,舰,洞,统,戆,意,费,誉[名词],露,世,盖,廨,退,润,韵,献,难[灾难],间[间隔],变,窍,孝,操[操行],饿,谢,将[将,证,罄,寿[有韵同],任[信任],担,堑,忏,服,曲,岳,室,"郁[馥郁,郁郁乎文哉]",越,钵,杀,列,乐[哀乐],泽,击,蚀,集,榻,接,甲
6,桐,宗,双,垂,挥,居,芜,萋,钗,徊,薪,分[分离],园,安,还,天,凋,嘲,绦,阿,华,光,觥,亭,澄,旒,霖,楠,严,衔,笼[东韵同],拥,耩,彼,几[几多],旅,鼓,陛,矮,块,尽,谨,反,短,阪,转[霰韵同],晓,鲍,老,我,瓦,仰,领,梃,妇[麌韵同],审,啖,检,犯,众,纵[放纵],0,志,沸,署,鹭,丽,大[个韵同],邂,碎,阵,训,健,断[决断],宦,箭,妙,闹,盗,"过[歌韵同.又过失,独用]",榭,帅],性,磬,秀,荫,憾,赡,赚,福,粟,乐[音乐],实,乞,谒,脱,刹,烈,落,伯,绩,色,邑,閤,猎,业
7,峒,淙,泷,吹,韦,裾,巫,凄,差[差使],槐[佳韵同],晨,氛,袁,鞍,环,坚,雕,钞,刀,和[和平],沙,昌,彭,庭,陵,留,针,男,占[占卜],帆,拢,冗,0,毁,伟,杼,虎,洗,摆,汇,忍,近,饭[动词],馆[翰韵同],盏,衍,少[多少],挠[豪韵同],好[好丑],拖,寡,朗,境,醒[青韵同],後,甚[沁韵同],坎,脸,湛,瓮,讼,0,思[名词],尉,据,树[树木],岁,濑,隘,背,镇,粪,建,乱,晏,战,诏,豹,噪,座,罢,状,政,应[答应],绣,浸,暂,店,蘸,禄,烛,捉,疾,掘[月韵同],没,夺,轧,结,阁,迹,绩,力,急,杂,妾,邺
8,筒,锺,庞,陂,围,琚,于,堤,崖,梅,辰,纷,猿,难[艰难],鬟,肩,迢,包,萄,波,车[鱼韵同],堂,亨,廷,凌,骝,箴,谙,髯,衫,桶,重[轻重],0,委,斐,伫,古,邸,买,猥,准,忿,偃,缓,产,犬,扰,搅,道,娜,社,桨,警,酩,柳,廪,惨,染,巉[咸韵同],贡,种[种植],0,泪,畏,驭,度[制度],济[渡也],赖,卖,秽,刃,忿[吻韵同],宪,叹[寒韵同],慢,扇,召,罩,灶,和[唱和],夏[春夏],帐,镜,赠,宿[星宿],谮,三[再三],占[占据],嵌,谷,属,朔,术,吃[口吃],伐,褐,戛,穴,鹤,宅,笛,翼,入,腊,蝶,匣
9,瞳,钟,撞,碑,帏,车[麻韵同],衢,低,涯[支麻韵同],枚,臣,芬,垣,餐,寰,贤,条,胶,猱,科,牙,章,丁,霆,绫,榴,斟,庵,谦,杉,捅,冢,0,诡,菲[菲薄],与[给予],股,底,骇,璀,隼,抆,蹇,盥[翰韵同],限,选,绕,绞,稻,荷[负荷],写,奖,请,酊,友,衽,敢,掩,斩,弄,综,0,吏,慰,曙,渡,第,籁,派,对,顺,酝,劝,观[楼观],盼,煽,邵,棹,奥,挫,霸,唱,盛[茂盛],乘[名词],奏,谶,绀,敛[聚,站,熟,录,数[频数],一,讫,罚,割,瞎,说,爵,席,敌,墨,泣,匝,叠,压
10,中[中间],龙,豇,奇,违,渠,癯,题,偕,玫,人,焚,烦,檀,班,弦,髫,苞,褒,柯,蛇,张,英,蜓,菱,刘,沈,含,奁,监[监察],蓊,捧,0,髓,匪,予[赐予],贾[商贾],抵,0,磊,笋,刎,琬,碗,绾,冕,绍,拗,造[造作],可,泻,蒋,饼,"并[并行,并且]",斗,稔,颔[覃韵同],点,黯,冻,俸,0,赐,蔚,助,赋,艺,蔡,债,废,慎,郡,蔓,"干[树干,干练]",篆,膳,要[重要],觉[寤也],告[告诉],课,暇,让,行[学行],佞,兽,枕[动词],憨,敛],馅,肉,辱,卓,乙,绂,卒[士卒],沫,刮,血,弱,策,滴,极,湿,阖,箧,鸭
11,衷,茏,扛,宜,闱,蕖,瞿,提,阶,媒,仁,坟,蕃,坛,斑,烟,调[调和],梢,桃,陀,瓜,王,烹,停,冰,由,心,涵,纤,凡,蠓,勇,0,累,篚,渚,估,弟,0,蕾,盾[阮韵同],揾,沅,懒,柬,辇,杪,咬,脑,左,夏[华夏],敞,永,等,狗,凛,撼,簟,范,痛,供[供设，名词],0,自,魏,絮,布,惠,害,怪,悔,鬓,分[名分],券,散[解散],栈[潸韵同],传[传记],曜,较,诰,唾,灞,浪[波浪],圣,邓,漏,噤,澹[咸韵同],厌,0,族,狱,啄,壹,弗,竭,拔[挺拔],刷,舌,约,册,镝,殛,习,蛤,惬,乏
12,忠,舂,杠,仪,霏,余,氍,蹄,皆,煤,神,群,樊,滩,蛮,燕[地名],蜩,姣,糟,娥,斜,房,平,仃,膺,油,琴,函[包函],签,馋,汞,甬,0,技,娓,煮,土,坻,0,傀,闵,槿,宛,伞,拣,免,沼,炒,恼,果,也,氅,骋,鼎,久,懔,毯,贬,0,栋,从[仆从],0,字,纬,著[显著],步,慧,蔼,坏,诲,晋,紊,远[动词],旦,惯,见,耀,窖,到,播,嫁,酿,咏,证,富[遇韵同],甚[寝韵同],瞰,焰[俭韵同],0,鹿,绿,琢,吉,勿,窟,葛,滑,洁,脚,碧,檄,息,给,衲,涉,怯
13,盅,松,腔,皮,菲[芳菲],予[我也],儒,啼,谐,雷,亲,裙,喧,弹,颜,莲,枭,庖,旄,蛾,邪,芳,枰,馨,鹰,游,禽,岚,瞻,芟,0,踊,0,绮,悱,暑,吐,柢,0,儡,悯,瑾,婉,伴,撰,展,眇,吵,岛,裹,把,厂,逞,顶,负[麌韵同],沈[姓氏],糁,冉,0,恸,缝[隙也],0,义,胃,箸,固,币,艾,诫,晦,骏,愠,侃,算[名词],串,砚,调[音调],爆,蹈,破,赦,旷,姓,秤,陋,鸩,淡,垫,0,漉,毒,剥,秩,迄,笏,闼,辖,别,雀,籍[典籍],激,熄,十,沓,鬣,劫
14,虫,凇,梆,儿,妃,誉[动词],襦,鸡,骸,颓,申,君,萱,残,奸,怜,浇,匏,袍,鹅,芽,长,京,星,应[应当],猷,擒,蚕,蟾,搀,0,涌,0,觜,榧,鼠,圃,涕,0,腿,菌[真韵同],恽,畹,卵,馔,茧,矫,佼,倒[跌到],朵,厦,枉,颖,肯,厚,朕,湛,苒,0,仲,重[再也],0,利,汇[字汇],豫,素,弟,丐,戒,昧,闰,近[动词],键,玩,绽,院,钓,炮[枪炮],傲,卧,籍[凭籍],壮,庆,称[相称],狩,赁,缆,欠,0,腹,局,驳,率,不,钺,渴,铩,缺,幕,格,寂,直,拾,鸽,捷,胁
15,冲,淞,桩,离,飞,舆,濡,稽,排,崔,身,军,暄,干,攀,连,聊,坳,挠[巧韵同],萝,嘉,塘,惊,腥,蝇,悠,衾,探,炎,喃,0,俑,0,此,韪,汝,庾,悌,0,海,蚓,韫,菀,散[散布],赧,辨,皎,姣[肴韵同],祷[号韵同],锁,惹,往,颍,拯,手,荏,菡,陕,0,中[击中],共,0,器,谓,恕,具,滞,奈,界,配,峻,抆,贩,烂,幻,练,吊,泡[肴韵同],暴[强暴],货,假[休假],放,映,莹[庚韵同],昼,喑,0,僭,0,菊,欲,雹,律,怫,歇,拨,猾,裂,洛,役,觌,值,袭,踏,颊,插
16,终,冲,幢,施,非,胥,须,兮,乖,催,宾,勤,冤,肝,顽,田,辽,敲,蒿,荷[荷花],瑕,妆,荆,醒[醉醒],绳,攸,钦,贪,添,嵌,0,蛹,0,泚,炜,茹[食也],户,济[水名],0,改,牝,0,蜿,伴,皖,篆,杳,昴,捣,琐,冶,颡,顷,謦,叟,婶,萏,谄,0,粽,0,0,位,渭,与[参与],务,际,柰,介,妹,衅,拼,畈,贯,瓣,链,叫,刨[肴韵同],好[爱好],簸,蔗,向,病,孕,寇,渗,0,酽,0,陆,束,璞,逸,绋,突,豁,捌,热,壑,帛,溺,得,及,拓,楫[缉韵同],锸
17,忡,容,跫[冬韵同],知,扉,狙,需,倪,怀,摧,滨,斤,言,竿,山,填,寥,胞,涛,何,纱,常,明,惺,升,牛,吟,耽,兼,掺,0,恐,0,蕊,虺,黍,"树[种植,动词]",澧,0,采,殒,0,绻,诞,汕,勉,窈,茆,抱,堕,贾[姓贾],强[勉强],整,刭,守,沈[沈阳],罱,俨,0,讽,0,0,戏,卉[尾韵同],遽,雾,涕[荠韵同],汰,芥,喙,振,奋,曼,半,苋,燕,眺,稍,劳[慰劳],轲[轗轲],化,忘,柄,兴[兴趣],茂,窨,0,潋,0,轴,鹄,朴,佚,沸,忽,括,叭,决,索,戟,觅,北,级,拉,聂,押
18,崇,榕,0,驰,肥,锄,朱,霓,淮,堆,槟,筋,轩,阑,闲,巅,撩,抛,皋,过[经过],鸦,凉,盟,俜,缯,修,今,眈,缣,巉,0,拱,0,徙,玮,杵,煦,醴,0,彩,紧,0,巘,罕,铲,剪,窕,獠[萧韵同],讨,惰,假[真假],惘,静,溟,否[麌韵同],葚,椠,闪,0,空[空缺],0,0,至,讳,疏[书疏],鹜,厉,癞,械,溃,俊,郓,挽,案,办,宴,少[老少],钞[肴韵同],躁,驮,舍[庐舍],仗[养韵同],劲,剩,旧,妊,0,滟,0,逐,蜀,壳,失,茀,袜,抹,札,铁,郭,璧,狄,黑,涩,盍,摄,狎
19,嵩[崧],蓉,0,池,威,疏,珠,西,豺,陪,缤,勋,藩,栏,艰,鬈,寮,蛟,号[号呼],磨[琢磨],遮,霜,鸣,灵,凭,羞,襟[衿],龛,沾,0,0,竦,0,尔,虮,处[居住、处理],诩,诋,0,在,蠢,0,挽,瀚[浣],羼,卷,袅,0,考,妥,且,两,省,0,右,禀,喊,剡,0,控,0,0,次,毅,庶,数[数量],契[契约],霭,薤,吠,舜,捃,[挽联],按,谩,贱,诮,拗,造[造就],髁[歌韵同],价,畅,竞,凭[蒸韵同],胄,0,0,俺,0,苜,促,确,漆,厥,曰,遏,扎,灭,错,驿,荻,侧,楫[叶韵同],塌,慑,夹
20,菘,溶,0,规,祈,蔬,株,栖,侪,杯,邻,薰,媛,澜,间[中间],宣,僚,崤,陶,螺,叉,藏,荣,龄,"乘[驾乘,动词]",秋,金,堪,尖,0,0,悚,0,弭,0,贮,努,眯,0,宰,陨,0,堰,断[断绝],见,显,挑[挑拨],0,燥,坐[坐立],玛,曩,幸,0,受,噤,嵌[咸韵同],忝[艳韵同],0,哄,0,0,累[连累],既,预,怒[麌韵同],敝,会,拜,肺,赆,靳,瑗,炭,讪[删韵同],馔,料,敲[肴韵同],冒,磋,射,量[数量],靓,迳,宙,0,0,砭,0,蓿,触,浊,栗,倔,阀,挞,帕,折,跃,麦,幂,贼,粒,咂,镊,恰
21,戎,庸,0,危,畿,梳,诛,犀,埋,醅,鳞,曛,援,兰,悭,年,尧,鵁,鳌,禾,奢,场,莹,玲,胜[胜任],周,音,谈,潜,0,0,耸,0,婢,0,女,辅,娣,0,醢,哂,0,混,侃,楝,饯[霰韵同],掉[啸韵同],0,扫[号韵同],裸,姐,丈,颈,0,牖,谂,橄,奄,0,赣,0,0,伪,"衣[着衣,动词]",语[告也],附,弊,旆,快,耒,吝,0,媛,汗,铲,荐,疗,淖,悼,作,骂,葬,净,甑,袖,0,0,坫,0,宿[住宿],续,擢,毕,黻,筏,跋,茁,拙,若,额,戚,饰,汁,盒,蹑,蛱
22,绒,佣,0,夷,机,虚,朱,嘶,霾,嵬,麟,醺,辕,看[翰韵同],患[谏韵同],颠,宵,鞘,曹,珂,涯[支佳韵同],央,兵,铃,兴[兴起],州,阴,甘,阎,0,0,巩,0,侈,0,许,组,棨,0,铠,诊,0,棍,算[动词],栈,践,肇,0,嫂,跛,舍,杖,郢,0,偶,怎,榄,歉,0,0,0,0,寺,蜚,踞,兔,毙,最,迈,块,烬,0,圈[猪圈],赞,绾,绢,潦,0,倒[颠倒],做,稼,匠,竟,宁,岫,0,0,0,0,牧,浴,濯,恤,崛,鹘[黠韵同],撮,鹘,切,酌,柏,鹢,刻,蛰,卅,协,硖
23,弓,慵,0,师,几[微也如见几],嘘,铢,撕,斋,推[支韵同],珍,芸,番,刊,孱,牵,消,抄,遭,蓑,巴,泱,兄,伶,仍,洲,岑,三,镰,0,0,怂,0,弛,0,拒,乳,递,0,恺,疹,0,阃,款,0,喘,缥,0,保,颇[稍也],喏,仗[漾韵同],猛,0,走,恁,0,芡,0,0,0,0,瑞,溉[队韵同],倨,故,帝,贝,败,碓,讯,0,论[名词],漫[寒韵同。又副词，独用],孪,彦,掉[筱韵同],0,燥,剁,架,障,孟,胫,柚,0,0,0,0,伏,酷,渥,密,尉,厥[物韵同],泼,揠,悦,托,魄,涤,则,执,搭,侠,掐
24,躬,封,0,姿,讥,墟,蛛,梯,槐[灰韵同],诙,瞋,耘,繁,丸,潺,妍,霄,蝥,羔,婆,耶,鸯,卿,零,兢,舟,簪[覃韵同],酣,黏,0,0,奉,0,豕,0,炬,弩,昵,0,待,赈,0,悃,但,0,藓,缈,0,鸨,夥,赭,响,丙,0,阜[麌韵同],饪,0,崭,0,0,0,0,智,翡,蓣,顾,蔽,沛,稗,刈,仞,0,恨,冠[冠军],篡,掾,峤,0,犒,磨[磨磐],诈,瘴,诤,暝[夜也],覆,0,0,0,0,夙,躅,幄,蜜,蔚,蹶,秣,萨,辙,削,积[积聚],的,塞[闭塞],笠,褡,荚,剳
25,宫,胸,0,迟,玑,徐,殊,鼙,睚,裴,尘,芹,翻,完,擐,研[研究],绡,咆,糕,坡,嗟,秧,生,听[径韵同],矜,酬,壬,柑,淹,0,0,0,0,紫,0,距,补,睨,0,殆,肾,0,捆,坦,0,软,渺,0,稿,颗,洒,掌,炳,0,九,覃,0,堑,0,0,0,0,记,诽,淤,句,髻,霈,晒,悖,迅,0,寸,灌,裥,便[便利],徼,0,靠,懦,亚,谤,更[更加],钉[动词],复[又也],0,0,0,0,读[读书],褥,握,桔,契,蕨,掇[屑韵同],捺,诀,铎,脉,吃,式,隰,飒,挟,袷
26,穹,凶,0,龟,稀,猪,俞,赍,崽,培,陈,欣,幡,桓,圜,眠,销,哮,高,呵,遐,嫱,甥,冥,征[征求],雠,任[负荷],惭,钳,0,0,0,0,旨,0,所,鲁,蠡,0,怠,蜃,0,衮,袒,0,蹇[阮韵同],淼,0,草,祸,嘏,党,杏,0,后,0,0,渐[盐韵同],0,0,0,0,异,0,锯,墓,锐,绘,瀣,焙,汛,0,困,爨,扮,眷,跳,0,懊,糯,麝,尚,并,订,救,0,0,0,0,犊,旭,学,溢,屹,殁,聒,0,泄,凿,夕,沥,轼,汲,磕,铗,眨
27,融,匈,0,眉,希,闾,瑜,迷,楷,盔,春,氲,璠,纨,菅,渊,超,凹,搔,哥,加,床,笙,溟,称[称赞],柔,歆,蓝,甜,0,0,0,0,指,0,楚,橹,0,0,乃,膑,0,滚,纂,0,演,茑,0,昊,桠,剐,想,秉,0,咎,0,0,罨,0,0,0,0,致,0,觑,慕,戾,脍,湃,淬,趁,0,顿,窜,0,倦,嘹,0,瑁,缚,怕,涨,[梗韵同],饤,厩,0,0,0,0,渎,欲,龌,瑟,熨[未韵同],橛,獭[黠韵同],0,锲,箔,液,雳,域,吸,榼,浃,胛
28,雄,汹,0,悲,衣[衣服],庐,榆,泥,秸,偎,津,荤,鸳,端,般[寒韵同],涓,朝,淆,毛,轲,笳,方,牲,铭,登,俦,森,担,恬,0,0,0,0,视,0,础,睹,0,0,载[岁也],黾,0,鲧,缎,0,兖,赵,0,浩,婀,打,鲞,耿,0,薮,0,0,捡,0,0,0,0,备,0,狙[鱼韵同],暮,裔,荟,寨,敦[盘敦],衬,0,遁[阮韵同],幔,0,羡,漂,0,燠[皓韵同],锉,借,饷,聘,锭,臭,0,0,0,0,牍,笃,龊,膝,绂,掘[物,刺,0,咽[呜咽],鹊,尺,霹,蜮,絷,遢,睫,呷
29,熊,雍,0,之,依,驴,愉,溪,揩,煨,秦,汶,鹓,湍,颁,捐,潮,教[使也],艘,沱,赊,浆,擎,瓶,灯,畴,禁[力所胜任],簪[侵韵同],拈,0,0,0,0,美,0,阻,腐,0,0,凯,泯,0,稳,拌,0,件,兆,0,镐,逻,耍,榜,矿,0,吼,0,0,弇,0,0,0,0,肆,0,翥,募,袂,狈,疥,塞[边塞],仅,0,钝,粲,0,奠,镣,0,耄,挼,卸,样,硬,謦,佑,0,0,0,0,椟,督,槊,匹,0,韵,喝,0,轶,诺,隙,惕,殖,挹,蹋,厌,歃
30,穷,邕,0,芝,归,诸,逾,蹊,挨,瑰,频,汾,蜿,酸,鬘,娟,嚣,跑,滔,鼍,槎,觞,鲸,屏,僧,筹,祲,谭,砭,0,0,0,0,否[否泰],0,俎,数[动词],0,0,闿,窘,0,本,懑,0,腆,缴,0,杲,卵,那,爽,冷,0,帚,0,0,崦,0,0,0,0,翠,0,薯,注,系,侩,届,爱,觐,0,闷,灿,0,遍,廖,0,糙,些[楚些],帕,藏[库藏],炳,泞,右,0,0,0,0,黩,赎,搦,述,0,同],磕,0,噎,萼,逆,剔,植,浥,蜡,靥,闸
31,冯,痈,0,时,饥[支韵同],储,渝,圭,俳,茴,苹,殷,湲,团,疝,边,骄,艄,骚,拖,差[差错],梁,迎,萍,憎,稠,喑,昙,詹,0,0,0,0,痞,0,沮,簿,0,0,倍,吮,0,畚,谰,0,跣,缭[萧韵同],0,缟,那,0,广,靖,0,垢,0,0,玷,0,0,0,0,"骑[车骑,名词]",0,0,住,祭,桧,蒯,代,蔺,0,逊,璨,0,恋,尿,0,套[皓韵同],0,坝,舫,泳,瞪,囿,0,0,0,0,毂,渌,镯,黜,0,核,蘖,0,彻,度[测度],画[动词],砾,敕,悒,溘,蹀,霎[叶韵同]
32,风,浓,0,诗,矶,除,窬,闺,模,胚,颦,雯,爰,攒,讪,编,娇,捎,韬,驼,蟆,娘,行[行走],荧,增,丘,深,坛,蒹,0,0,0,0,兕,0,叙,竖,0,0,蓓,缜,0,笨,莞,0,缅,夭[夭折],0,槁,坷,0,享,哽,0,舅,0,0,0,0,0,0,0,使[使者],0,0,注,卫,蜕,篑,载[载运],浚,0,嫩,换,0,啭,肖,0,纛[沃韵同],0,靶,访,迸,蹭,豆,0,0,0,0,复[恢复],纛,喔,弼,0,蝎,瘌,0,澈,橐,百,翟,亟,岌,邋,躞,0
33,枫,脓,0,棋,欷,滁,谀,携,谟,徘,濒,贲,掀,官,斓,悬,蕉,爻,缫,跎,骅,庄,衡,萤,曾,邱,琛,婪,歼,0,0,0,0,几,0,绪,普,0,0,迨,0,0,损,0,0,缱,悄,0,堡,爹[麻韵同],0,向,绠,0,纽,0,0,0,0,0,0,0,试,0,0,驻,隶,酹,蒉,态,赈[轸韵同],0,溷,焕,0,眩,鞘,0,潦,0,鹧,贶,横[蛮横],蹬,饾,0,0,0,0,粥,碡,邈,跸,0,勃,袜,0,哲,钥,辟,籴,棘,熠,趿,燮,0
34,疯,重[重复],0,旗,诽,蜍,腴,畦,摹,坯,银,纭,燔,观[观看],娴,泉,焦,咬,膏,佗[他],虾,黄,耕,荣,矰,抽,涔,戡,黔,0,0,0,0,姊,0,序,侮,0,0,亥,0,0,忖,0,0,鲜[少也],舀,0,皂,簸,0,飨,荇,0,藕,0,0,0,0,0,0,0,类,0,0,炷,闭,外,喟,菜,龀,0,诨,唤,0,钏,悄[筱韵同],0,耗,0,贳,嶂,摒,亘[亘古],窦,0,0,0,0,肃,北[职韵同],荦,七,0,渤,活,0,鳖,龠,赤,倜,惑,葺,0,摺,0
35,丰,从[服从],0,辞,绯,如,区,嵇,蒲,桅,垠,昕,圈,鸾,鹇,迁,椒,铙,牢,颇[偏颇],葭,仓,萌,扃,层,瘳,骎,颔,钤,0,0,0,0,比,0,屿,斧,0,0,0,0,0,囤,0,0,殄,侥,0,瑙,叵,0,幌,艋,0,朽,0,0,0,0,0,0,0,弃,0,0,祚,逝,兑,聩,碍,认,0,巽,涣,0,倩,峭,0,0,0,炙,当[适当],阱,镫[鞍镫],瘦,0,0,0,0,碌,瞩,0,叱,0,悖[队韵同],鸹,0,设,瀹,易[变易],析,忒,什,0,辄,0
36,充,逢,0,词,晞,畲,躯,跻,逋,傀,筠,熏,谖,銮,鳏,仙,饶,茭,醪,峨,袈,皇,甍,垧,能,遒,参[参差],痰,佥,0,0,0,0,水,0,墅,聚,0,0,0,0,0,遁,0,0,扁,蓼,0,媪,垛,0,莽,蜢,0,臼,0,0,0,0,0,0,0,饵,0,0,裕,缀,0,块,戴,殡,0,褪,悍,0,卞,哨,0,0,0,嗄,抗,檠,滢,漱,0,0,0,0,骕,嘱,0,卒[终也],0,孛,斡,0,啮,着,革,晰,默,芨,0,婕,0
37,隆,缝,0,期,葳,淤,驱,奚,胡,儡[贿韵同],巾,0,魂,峦,殷[赤黑色],鲜[新鲜],硝,炮[炮制],逃,俄,裟,装,宏,蜻,朋,收,忱,篮,觇,0,0,0,0,轨,0,巨,午,0,0,0,0,0,很,0,0,匾,娆,0,燠,哆,0,纺,皿,0,肘,0,0,0,0,0,0,0,媚,0,0,误,翳,0,惫,贷,摈,0,喷[元韵同],弹[名词],0,汴,俏,0,0,0,乍,桁,迎,凳,咒,0,0,0,0,鬻,勖,0,虱,0,揭[屑韵同],怛,0,劣,著,脊,淅,织,廿,0,谍,0
38,窿,峰,0,祠,巍,妤,岖,脐,湖,莓,囷,0,浑,冠[衣冠],纶[纶巾],钱,烧[焚烧],泡,濠,摩,砂,殇,闳,硎,鹏,鸠,淋,褴,崦,0,0,0,0,止,0,去[除也],伍,0,0,0,0,0,沌,0,0,蚬,硗,0,袄,硪,0,长[长幼],儆,0,韭,0,0,0,0,0,0,0,鼻,0,0,悟,替,0,0,黛,缙,0,艮,惮,0,片,醮,0,0,0,咤,妄,郑,磴,究,0,0,0,0,育,溽,0,悉,0,碣,钹,0,玦,虐,翮,蜥,匿,揖,0,堞,0
39,空,锋,0,基,沂,苴,趋,醯,瑚,开,民,0,温,欢,0,煎,遥,鲛,壕,么,衙,襄,茎,苓,肱,搜,妊,蚶,渐,0,0,0,0,徴,0,苣,釜,0,0,0,0,0,恳,0,0,岘,剿,0,懊,么[歌韵同],0,网,悻,0,亩[麌韵同],0,0,0,0,0,0,0,易[容易],0,0,寤,细,0,0,概,躏,0,揾,段,0,禅[封禅],燎[筱韵同],0,0,0,诧,怆,獍,泾,疚,0,0,0,0,六,缛,0,戌,0,粤,捋,0,截,掠,屐,劈,慝,煜[屋韵同],0,霎,0
40,公,丰,0,疑,圻,菹,扶,黧,乎,哀,岷,0,孙,宽,0,然,徭,刨,饕,娑,呀,骧,罂,聆,薨,驺,掺,憨,鹣,0,0,0,0,市,0,举,缕,0,0,0,0,0,垦,0,0,畎,晁,0,葆,峨[歌韵同],0,荡,婧,0,剖,0,0,0,0,0,0,0,辔,0,0,戍,桂,0,0,岱,廑,0,0,看[寒韵同],0,谴,鹩,0,0,0,侘,宕,帧,0,谬,0,0,0,0,缩,梏,0,嫉,0,樾,0,0,窃,获[收获],获[猎获],甓,亿,歙,0,嗫,0
41,功,蜂,0,姬,颀,沮,符,蠡,壶,埃,泯[轸韵同],0,门,盘,0,延,摇,抓,洮,莎,琶,相,莺,瓴,腾,愁,参[人参],泔,腌,0,0,0,0,喜,0,讵,部,0,0,0,0,0,龈,0,0,燹,藐,0,褓,0,0,上[上升],阱,0,诱,0,0,0,0,0,0,0,坠,0,0,库,税,0,0,溉,谆,0,0,判,0,溅,鹞,0,0,0,罅,怅,0,0,皱,0,0,0,0,哭,0,0,帅[动词],0,鳜,0,0,孽,泊,适,嫡,忆,笈[叶韵同],0,喋,0
42,工,烽,0,丝,兹,徂,凫,醍,狐,台,珉,0,尊[樽],蟠,0,筵,谣,0,淘,迦,耙,湘,樱,翎,藤,休,椹,聃,襜,0,0,0,0,已,0,溆,柱,0,0,0,0,0,0,0,0,隽,秒,0,芼,0,0,壤,狰[庚韵同],0,牡[麌韵同],0,0,0,0,0,0,0,醉,0,0,护,婿,0,0,慨,瞬,0,0,叛,0,饯,轿,0,0,0,吓,创,0,0,逅,0,0,0,0,幅,0,0,蒺,0,脖,0,0,浙,搏,索,轹,臆,圾,0,碟,0
43,攻,葑,0,司,差[参差],龉,芙,鹈,弧,苔,贫,0,存,漫[大水貌],0,毡,瑶,0,叨,疴,芭,箱,泓,娉,恒,囚,郴,邯,阉,0,0,0,0,纪,0,浒,矩,0,0,0,0,0,0,0,0,键,殍,0,澡,0,0,赏,靓,0,缶,0,0,0,0,0,0,0,议,0,0,屦,例,0,0,耐,韧,0,0,绊,0,善[动词],骠,0,0,0,娅,酱,0,0,嗅,0,0,0,0,斛,0,0,侄,0,饽,0,0,孑,藿,厄,栎,薏,褶,0,鲽,0
44,蒙,纵[纵横],0,葵,疲,茹,雏,奎,孤,抬,莼,0,敦,叹[翰韵同],0,旃,韶,0,啕,苛,杷,缃,橙,婷,罾,求,芩,蟫[侵韵同],0,0,0,0,0,跪,0,钜,武,0,0,0,0,0,0,0,0,变,了[了望],0,套,0,0,仿,惺,0,酉,0,0,0,0,0,0,0,翅,0,0,诉,誓,0,0,在[所在],浚,0,0,鹳,0,转[以力转动],票,0,0,0,哑,况,0,0,遘,0,0,0,0,戮,0,0,踬,0,鹁,0,0,桔,嚼,隔,阋,特,翕,0,捻,0
45,濛,踪,0,医,茨,榈,敷,批,辜,该,淳,0,墩,邯,0,蝉,昭,0,篙,蹉,笆,创,争,宁,崩,裘,檎,0,0,0,0,0,0,妓,0,醑,五,0,0,0,0,0,0,0,0,泫,0,0,涝,0,0,罔,打,0,苟,0,0,0,0,0,0,0,避,0,0,妒,筮,0,0,鼐,殉,0,0,伴,0,卷[书卷],铫[萧韵同],0,0,0,讶,亮,0,0,溜,0,0,0,0,仆,0,0,怵,0,捽[质韵同],0,0,颉,勺,益,菂,勒,0,0,晔,0
46,朦,茸,0,帷,卑,於,麸,砒,姑,才,醇,0,炖,郸,0,缠,招,0,熬,嵯,疤,忘,筝,暝,滕,仇,琳,0,0,0,0,0,0,蚁,0,咀,苦,0,0,0,0,0,0,0,0,癣,0,0,蚤,0,0,谠,瘿,0,丑,0,0,0,0,0,0,0,笥,0,0,惧,蕙,0,0,玳,馑,0,0,畔,0,甸,0,0,0,0,迓,傍[依傍],0,0,镂,0,0,0,0,畜,0,0,蟋,0,猝,0,0,拮,谑,窄,踢,肋,0,0,躐,0
47,瞢,蛩,0,思,亏,祛,夫,睽,觚,材,纯,0,暾,摊,0,廛,镳,0,遨,驮,爬,芒,清,瞑,誊,浮,蟫,0,0,0,0,0,0,鄙,0,诅,取,0,0,0,0,0,0,0,0,阐,0,0,拷,0,0,倘,并[合并],0,糗,0,0,0,0,0,0,0,帜,0,0,趣,诣,0,0,再,0,0,0,锻,0,电,0,0,0,0,华[姓华],丧[丧失],0,0,逗,0,0,0,0,蓄,0,0,筚,0,惚,0,0,撷,廓,核,迪,幅,0,0,笈[缉韵同],0
48,笼,邛,0,滋,蕤,蘧,肤,荑,0,财,唇,0,蹲,玕,0,联,瓢,0,翱,箩,葩,望,情,螟,崚,谋,愔,0,0,0,0,0,0,晷,0,苎,抚,0,0,0,0,0,0,0,0,颤,0,0,栲,0,0,魍,犷,0,扣,0,0,0,0,0,0,0,炽,0,0,娶,砺,0,0,袋,0,0,0,腕,0,咽,0,0,0,0,桦,恙,0,0,透,0,0,0,0,叔,0,0,篥,0,兀,0,0,揭,绰,舄,皙,仄,0,0,0,0
49,胧,筇,0,持,骑[跨马],疽,纡,篦,0,裁,伦,0,豚,拦,0,篇,苗,0,嗷,逻,些[少也],尝,晴,猩,嶒,牟,喑,0,0,0,0,0,0,子,0,抒,浦,0,0,0,0,0,0,0,0,膳,0,0,0,0,0,魉,眚,0,叩,0,0,0,0,0,0,0,粹,0,0,铸,励,0,0,逮,0,0,0,惋,0,茜,0,0,0,0,话,谅,0,0,骤,0,0,0,0,淑,0,0,必,0,讷[呐],0,0,褐[曷韵同],霍,掷,裼,昃,0,0,0,0
50,栊,跫,0,随,歧,蛆,输,齑,0,栽,轮,0,村,珊,0,偏,猫,0,臊,锣,佘,偿,精,钉,姮,眸,黔,0,0,0,0,0,0,仔,0,楮,主,0,0,0,0,0,0,0,0,鳝,0,0,0,0,0,谎,憬,0,某,0,0,0,0,0,0,0,莳,0,0,绔,瘗,0,0,埭,0,0,0,馆,0,单,0,0,0,0,胯[遇韵同],胀,0,0,又,0,0,0,0,倏,0,0,泌,0,羯,0,0,缬,镬,责,逖,稷,0,0,0,0
51,咙,供[供给],0,痴,岐,醵,枢,藜,0,哉,沦,0,屯,狻,0,绵,腰,0,嗥,哪,鲨,樯,睛,疔,塍,侔,嵚,0,0,0,0,0,0,梓,0,0,杜,0,0,0,0,0,0,0,0,舛,0,0,0,0,0,蟒,鲠,0,莠,0,0,0,0,0,0,0,谊,0,0,傅,噬,0,0,赉,0,0,0,旰,0,念[念书],0,0,0,0,跨,鬯,0,0,侑,0,0,0,0,独,0,0,荜,0,凸,0,0,碣[月韵同],莫,坼,蜺,识[知识],0,0,0,0
52,聋,蚣,0,维,谁,纾,厨,猊,0,来,抡,0,囤[囤积],鼾,0,全,桥,0,尻,挪,查,枪,菁,叮,冯,矛,沉,0,0,0,0,0,0,矢,0,0,坞,0,0,0,0,0,0,0,0,娩,0,0,0,0,0,漭,0,0,寿,0,0,0,0,0,0,0,帅,0,0,付,继,0,0,赛,0,0,0,捍,0,眄,0,0,0,0,衩,脏[内脏],0,0,幼,0,0,0,0,卜,0,0,秫,0,咄[曷韵同],0,0,挈,箨,惜,阒,逼,0,0,0,0
53,珑,喁,0,卮,斯,樗,俱,蜺,0,莱,匀,0,盆,杆,0,镌,乔,0,鏖,锅,楂,坊,晶,厅,症,侯,0,0,0,0,0,0,0,雉,0,0,祖,0,0,0,0,0,0,0,0,辗,0,0,0,0,0,嗓,0,0,绶,0,0,0,0,0,0,0,厕,0,0,谕,脆,0,0,忾,0,0,0,疸,0,淀,0,0,0,0,柘,吭,0,0,读[句读],0,0,0,0,馥,0,0,栉,0,矻,0,0,抉,缚,癖,汨[汨罗江],克,0,0,0,0
54,砻,0,0,麋,澌,躇[药韵同],驹,鲵,0,灾,旬,0,奔,跚,0,穿,娆,0,螯,诃,渣,囊,旌,町,簦,喉,0,0,0,0,0,0,0,死,0,0,愈,0,0,0,0,0,0,0,0,邅[先韵同],0,0,0,0,0,盎,0,0,玖,0,0,0,0,0,0,0,寄,0,0,喻,睿,0,0,暧,0,0,0,但,0,靛,0,0,0,0,0,砀,0,0,堠,0,0,0,0,沐,0,0,唧,0,0,0,0,亵,貉,僻,0,即,0,0,0,0
55,泷,0,0,0,私,螭,0,欤,0,猜,巡,0,论[动词],姗,0,川,妖,0,獒,窠,爹,郎,盈,泠,瞢,猴,0,0,0,0,0,0,0,履,0,0,堵,0,0,0,0,0,0,0,0,脔,0,0,0,0,0,恍,0,0,授,0,0,0,0,0,0,0,睡,0,0,妪,毳,0,0,咳,0,0,0,罐,0,佃,0,0,0,0,0,伉,0,0,仆,0,0,0,0,速,0,0,帙,0,0,0,0,薛,各,掖,0,唧[质韵同],0,0,0,0
56,蓬,0,0,0,窥,麾,0,据[拮据],0,孩,驯,0,昏,殚,0,缘,飘,0,敖,蝌,挝,唐,楹,棂,凝[径韵同],讴,0,0,0,0,0,0,0,垒,0,0,扈,0,0,0,0,0,0,0,0,辫,0,0,0,0,0,脏,0,0,蹂[尤韵同],0,0,0,0,0,0,0,忌,0,0,芋,曳,0,0,嗳,0,0,0,盥,0,钿[先韵同],0,0,0,0,0,圹,0,0,副[遇韵同],0,0,0,0,祝,0,0,溧,0,0,0,0,拽[曳],略,腋,0,弋,0,0,0,0
57,篷,0,0,0,熙,墀,0,菰,0,徕,钧,0,痕,箪,0,鸢,逍,0,牦,髁,咤,狂,瀛,囹,棱,鸥,0,0,0,0,0,0,0,癸,0,0,父,0,0,0,0,0,0,0,0,捻,0,0,0,0,0,[肮脏],0,0,揉[尤韵同],0,0,0,0,0,0,0,贰,0,0,捕,蒂,0,0,睐,0,0,0,婉,0,镟,0,0,0,0,0,纩,0,0,锈,0,0,0,0,麓,0,0,谧,0,0,0,0,爇,骆,释,0,拭,0,0,0,0
58,洪,0,0,0,欺,弥,0,徒,0,骀,均,0,根,瘅,0,旋,潇,0,漕,倭,拿,强,嬴,羚,楞,楼,0,0,0,0,0,0,0,趾,0,0,甫,0,0,0,0,0,0,0,0,0,0,0,0,0,0,吭,0,0,溲,0,0,0,0,0,0,0,萃,0,0,哺,睇,0,0,0,0,0,0,缎,0,漩,0,0,0,0,0,桄,0,0,鹫,0,0,0,0,辘,0,0,昵,0,0,0,0,冽,寞,译,0,陟,0,0,0,0
59,荭,0,0,0,疵,慈,0,途,0,胎,榛,0,恩,谰,0,船,鸮,0,嘈,涡,椰,肠,赢,蛉,0,陬,0,0,0,0,0,0,0,址,0,0,禹,0,0,0,0,0,0,0,0,0,0,0,0,0,0,沆,0,0,纣,0,0,0,0,0,0,0,穗,0,0,互,妻[以女妻人],0,0,0,0,0,0,缦,0,拣,0,0,0,0,0,挡,0,0,绉,0,0,0,0,镞,0,0,轶,0,0,0,0,瞥,膜,峄,0,恻,0,0,0,0
60,红,0,0,0,赀,遗,0,涂,0,唉,莘,0,吞,獾,0,涎,骁,0,槽,窝,珈,康,营,咛,0,偷,0,0,0,0,0,0,0,以,0,0,羽,0,0,0,0,0,0,0,0,0,0,0,0,0,0,慷,0,0,钮,0,0,0,0,0,0,0,二,0,0,孺,递,0,0,0,0,0,0,侃,0,缮,0,0,0,0,0,旺,0,0,咮,0,0,0,0,蹙,0,0,聿,0,0,0,0,迭,鄂,择,0,测,0,0,0,0
61,虹,0,0,0,羁,肌,0,荼,0,垓,遵,0,荪,倌,0,鞭,祧,0,掏,讹,跏,冈,婴,型,0,头,0,0,0,0,0,0,0,已,0,0,怒[遇韵同],0,0,0,0,0,0,0,0,0,0,0,0,0,0,襁,0,0,扭,0,0,0,0,0,0,0,臂,0,0,寓,逮,0,0,0,0,0,0,蒜,0,现,0,0,0,0,0,炕,0,0,灸,0,0,0,0,筑,0,0,诘,0,0,0,0,跌,博,摘,0,翊,0,0,0,0
62,鸿,0,0,0,彝,脂,0,图,0,挨,循,0,扪,棺,0,专,鹪,0,唠,陂,枷,苍,缨,邢,0,投,0,0,0,0,0,0,0,似,0,0,腑,0,0,0,0,0,0,0,0,0,0,0,0,0,0,镪,0,0,呕,0,0,0,0,0,0,0,嗣,0,0,赴,蓟,0,0,0,0,0,0,钻,0,狷,0,0,0,0,0,亢[高亢],0,0,籀,0,0,0,0,穆,0,0,耋,0,0,0,0,阅,昨,弈,0,洫,0,0,0,0
63,丛,0,0,0,髭,雌,0,屠,0,皑,甄,0,昆,剜,0,圆,鹩,0,涝,鄱,迦,匡,贞,0,0,钩,0,0,0,0,0,0,0,耜,0,0,拊,0,0,0,0,0,0,0,0,0,0,0,0,0,0,抢,0,0,殴,0,0,0,0,0,0,0,"吹[鼓吹,名词]",0,0,冱,蚋,0,0,0,0,0,0,谰,0,炫,0,0,0,0,0,阆,0,0,酎,0,0,0,0,睦,0,0,垤,0,0,0,0,餮,柝,奕,0,啬,0,0,0,0
64,翁,0,0,0,颐,披,0,奴,0,呆,宸,0,鲲,潘,0,员,缭,0,捞,皤,痂,荒,成,0,0,沟,0,0,0,0,0,0,0,祀,0,0,俯,0,0,0,0,0,0,0,0,0,0,0,0,0,0,肮,0,0,纠,0,0,0,0,0,0,0,遂,0,0,吐[麌韵同],薜,0,0,0,0,0,0,0,0,绚,0,0,0,0,0,防,0,0,诟,0,0,0,0,秃,0,0,捽,0,0,0,0,耋,格,迫,0,穑,0,0,0,0
65,嗡,0,0,0,资,嬉,0,吾,0,腮,纶,0,坤,拼[问韵同],0,乾[乾坤],獠,0,痨,魔,茄,遑,盛[盛受],0,0,幽,0,0,0,0,0,0,0,史,0,0,罟,0,0,0,0,0,0,0,0,0,0,0,0,0,0,犷,0,0,耦,0,0,0,0,0,0,0,恣,0,0,污[动词],荔,0,0,0,0,0,0,0,0,绽,0,0,0,0,0,0,0,0,蔻,0,0,0,0,縠,0,0,茁,0,0,0,0,垤,拓,疫,0,鲫,0,0,0,0
66,匆,0,0,0,糜,尸,0,梧,0,0,椿,0,仑,盘,0,虔,嘹,0,芼,梭,桠,行,城,0,0,纠,0,0,0,0,0,0,0,驶,0,0,赌,0,0,0,0,0,0,0,0,0,0,0,0,0,0,0,0,0,掊,0,0,0,0,0,0,0,四,0,0,恶[憎恶],唳,0,0,0,0,0,0,0,0,线,0,0,0,0,0,0,0,0,僦,0,0,0,0,覆,0,0,觱,0,0,0,0,捏,轹,昔,0,抑,0,0,0,0
67,葱,0,0,0,饥,狸,0,吴,0,0,鹑,0,婚,般,0,愆,夭[夭夭],0,0,唆,丫,妨,诚,0,0,啾,0,0,0,0,0,0,0,耳,0,0,卤,0,0,0,0,0,0,0,0,0,0,0,0,0,0,0,0,0,瓿,0,0,0,0,0,0,0,骥,0,0,晤,捩,0,0,0,0,0,0,0,0,煎,0,0,0,0,0,0,0,0,构,0,0,0,0,辐,0,0,鹬,0,0,0,0,页,铄,赫,0,或,0,0,0,0
68,聪,0,0,0,衰,炊,0,租,0,0,屯,0,阍,蹒,0,权,幺,0,0,骡,哑,棠,呈,0,0,楸,0,0,0,0,0,0,0,使[使令],0,0,姥,0,0,0,0,0,0,0,0,0,0,0,0,0,0,0,0,0,拇,0,0,0,0,0,0,0,季,0,0,煦,粝,0,0,0,0,0,0,0,0,选,0,0,0,0,0,0,0,0,扣,0,0,0,0,瀑,0,0,窒,0,0,0,0,阕,烁,瘠,0,匐[屋韵同],0,0,0,0
69,骢,0,0,0,锥,湄,0,卢,0,0,呻,0,髡,瘢,0,拳,邀,0,0,挼,划,翔,程,0,0,蚯,0,0,0,0,0,0,0,里,0,0,鹉,0,0,0,0,0,0,0,0,0,0,0,0,0,0,0,0,0,姆,0,0,0,0,0,0,0,刺,0,0,酤,泥[拘泥],0,0,0,0,0,0,0,0,旋,0,0,0,0,0,0,0,0,购,0,0,0,0,"郁[忧郁,郁郁葱葱]",0,0,苾,0,0,0,0,觖,灼,谪,0,0,0,0,0,0
70,通,0,0,0,姨,篱,0,鲈,0,0,粼,0,馄,磐,0,椽,要[要求],0,0,靴,哗,良,酲,0,0,踌,0,0,0,0,0,0,0,理,0,0,拄,0,0,0,0,0,0,0,0,0,0,0,0,0,0,0,0,0,擞,0,0,0,0,0,0,0,驷,0,0,讣,媲,0,0,0,0,0,0,0,0,颤,0,0,0,0,0,0,0,0,彀,0,0,0,0,舳,0,0,0,0,0,0,0,谲,疟,亦,0,0,0,0,0,0
71,棕,0,0,0,夔,0,0,炉,0,0,嶙,0,喷,瞒,0,传,姚,0,0,瘸,夸,航,声,0,0,绸,0,0,0,0,0,0,0,李,0,0,莽[养韵同],0,0,0,0,0,0,0,0,0,0,0,0,0,0,0,0,0,绺,0,0,0,0,0,0,0,寐,0,0,仆[偃仆],嬖,0,0,0,0,0,0,0,0,擅,0,0,0,0,0,0,0,0,戊,0,0,0,0,掬,0,0,0,0,0,0,0,鴂,蒻,硕,0,0,0,0,0,0
72,烘,0,0,0,祗,0,0,芦,0,0,辚,0,狲,谩,0,焉,樵,0,0,搓,胯,倡,征,0,0,惆,0,0,0,0,0,0,0,起,0,0,栩,0,0,0,0,0,0,0,0,0,0,0,0,0,0,0,0,0,抖,0,0,0,0,0,0,0,魅,0,0,赙,彗,0,0,0,0,0,0,0,0,缘[衣饰],0,0,0,0,0,0,0,0,懋,0,0,0,0,踘,0,0,0,0,0,0,0,撇,箬,貊,0,0,0,0,0,0
73,崆,0,0,0,涯[佳、麻韵同],0,0,颅,0,0,磷,0,饨,馒,0,嫣,谯,0,0,哦,抓,伥,正[正月],0,0,勾,0,0,0,0,0,0,0,杞,0,0,窭,0,0,0,0,0,0,0,0,0,0,0,0,0,0,0,0,0,陡,0,0,0,0,0,0,0,积[积蓄],0,0,驸,睥,0,0,0,0,0,0,0,0,撰,0,0,0,0,0,0,0,0,贸,0,0,0,0,蹴,0,0,0,0,0,0,0,蹩,芍,跖,0,0,0,0,0,0
74,0,0,0,0,伊,0,0,垆,0,0,呻,0,臀,鳗,0,鞯,憔,0,0,瘥,洼,羌,轻,0,0,娄,0,0,0,0,0,0,0,圯,0,0,脯,0,0,0,0,0,0,0,0,0,0,0,0,0,0,0,0,0,蚪,0,0,0,0,0,0,0,被,0,0,婺,睨,0,0,0,0,0,0,0,0,唁,0,0,0,0,0,0,0,0,袤,0,0,0,0,跼,0,0,0,0,0,0,0,篾,躇,鹡,0,0,0,0,0,0
75,0,0,0,0,追,0,0,蚨,0,0,伸,0,跟,钻,0,褰,标,0,0,酡,呱,庆,名,0,0,琉,0,0,0,0,0,0,0,跂,0,0,妩,0,0,0,0,0,0,0,0,0,0,0,0,0,0,0,0,0,篓,0,0,0,0,0,0,0,懿,0,0,锢,剂,0,0,0,0,0,0,0,0,谚,0,0,0,0,0,0,0,0,嗽,0,0,0,0,茯,0,0,0,0,0,0,0,楔,却,碛,0,0,0,0,0,0
76,0,0,0,0,蓍,0,0,孥,0,0,绅,0,瘟,抟,0,搴,飚,0,0,颏,0,姜,令[使令],0,0,疣,0,0,0,0,0,0,0,士,0,0,庑,0,0,0,0,0,0,0,0,0,0,0,0,0,0,0,0,0,黝,0,0,0,0,0,0,0,觊,0,0,蛀,嚏,0,0,0,0,0,0,0,0,媛,0,0,0,0,0,0,0,0,凑,0,0,0,0,袱,0,0,0,0,0,0,0,惙,噱,蹐,0,0,0,0,0,0
77,0,0,0,0,缁,0,0,帑,0,0,寅,0,飧,邗,0,铅,嫖,0,0,0,0,僵,并[并州],0,0,犹,0,0,0,0,0,0,0,仕,0,0,否[是否],0,0,0,0,0,0,0,0,0,0,0,0,0,0,0,0,0,赳,0,0,0,0,0,0,0,冀,0,0,飓,谛,0,0,0,0,0,0,0,0,忭,0,0,0,0,0,0,0,0,鼬,0,0,0,0,鵩,0,0,0,0,0,0,0,辍,矍,只,0,0,0,0,0,0
78,0,0,0,0,萁,0,0,苏,0,0,姻,0,棔,汗[可汗],0,舷,漂[漂浮],0,0,0,0,缰,倾,0,0,邹,0,0,0,0,0,0,0,俟,0,0,麈,0,0,0,0,0,0,0,0,0,0,0,0,0,0,0,0,0,取[麌韵同],0,0,0,0,0,0,0,愧,0,0,怖,缔,0,0,0,0,0,0,0,0,弁,0,0,0,0,0,0,0,0,甃,0,0,0,0,鹆,0,0,0,0,0,0,0,啜,攫,炙[动词],0,0,0,0,0,0
79,0,0,0,0,箕,0,0,酥,0,0,荀,0,0,0,0,跹,剽,0,0,0,0,疆,萦,0,0,兜,0,0,0,0,0,0,0,始,0,0,褛,0,0,0,0,0,0,0,0,0,0,0,0,0,0,0,0,0,0,0,0,0,0,0,0,0,匮,0,0,铺[店铺],剃,0,0,0,0,0,0,0,0,援,0,0,0,0,0,0,0,0,沤[动词],0,0,0,0,髑,0,0,0,0,0,0,0,缀,醵,踯,0,0,0,0,0,0
80,0,0,0,0,椎,0,0,乌,0,0,询,0,0,0,0,鹃,佻,0,0,0,0,粮,琼,0,0,呦,0,0,0,0,0,0,0,齿,0,0,篓,0,0,0,0,0,0,0,0,0,0,0,0,0,0,0,0,0,0,0,0,0,0,0,0,0,恚,0,0,塑,屉,0,0,0,0,0,0,0,0,研[磨研],0,0,0,0,0,0,0,0,0,0,0,0,0,槲,0,0,0,0,0,0,0,撤,踱,斥,0,0,0,0,0,0
81,0,0,0,0,罴,0,0,污[污秽],0,0,峋,0,0,0,0,筌,龆,0,0,0,0,穰,峥,0,0,咻,0,0,0,0,0,0,0,矣,0,0,偻,0,0,0,0,0,0,0,0,0,0,0,0,0,0,0,0,0,0,0,0,0,0,0,0,0,馈,0,0,愫,悌,0,0,0,0,0,0,0,0,0,0,0,0,0,0,0,0,0,0,0,0,0,0,扑,0,0,0,0,0,0,0,绁,魄,穸,0,0,0,0,0,0
82,0,0,0,0,篪,0,0,枯,0,0,氤,0,0,0,0,痊,苕,0,0,0,0,将,嵘,0,0,貅,0,0,0,0,0,0,0,耻,0,0,酤,0,0,0,0,0,0,0,0,0,0,0,0,0,0,0,0,0,0,0,0,0,0,0,0,0,蒉,0,0,蠹,俪,0,0,0,0,0,0,0,0,0,0,0,0,0,0,0,0,0,0,0,0,0,0,匐,0,0,0,0,0,0,0,杰,酪,鬲,0,0,0,0,0,0
83,0,0,0,0,萎,0,0,粗,0,0,恂,0,0,0,0,诠,岧,0,0,0,0,墙,撑,0,0,球,0,0,0,0,0,0,0,麂,0,0,牡,0,0,0,0,0,0,0,0,0,0,0,0,0,0,0,0,0,0,0,0,0,0,0,0,0,篑,0,0,溯,锲,0,0,0,0,0,0,0,0,0,0,0,0,0,0,0,0,0,0,0,0,0,0,簌,0,0,0,0,0,0,0,桀,络,骼,0,0,0,0,0,0
84,0,0,0,0,匙,0,0,都,0,0,嫔,0,0,0,0,悛,噍,0,0,0,0,桑,粳,0,0,蜉,0,0,0,0,0,0,0,枳,0,0,谱,0,0,0,0,0,0,0,0,0,0,0,0,0,0,0,0,0,0,0,0,0,0,0,0,0,柜,0,0,镀,贳,0,0,0,0,0,0,0,0,0,0,0,0,0,0,0,0,0,0,0,0,0,0,蔟,0,0,0,0,0,0,0,涅,烙,舶,0,0,0,0,0,0
85,0,0,0,0,脾,0,0,茱,0,0,彬,0,0,0,0,先,哓,0,0,0,0,刚,坑,0,0,蝣,0,0,0,0,0,0,0,峙,0,0,怙,0,0,0,0,0,0,0,0,0,0,0,0,0,0,0,0,0,0,0,0,0,0,0,0,0,暨,0,0,璐,掣,0,0,0,0,0,0,0,0,0,0,0,0,0,0,0,0,0,0,0,0,0,0,煜,0,0,0,0,0,0,0,霓,珞,珀,0,0,0,0,0,0
86,0,0,0,0,坻,0,0,侏,0,0,皴,0,0,0,0,邅,跷,0,0,0,0,祥,铿,0,0,辀,0,0,0,0,0,0,0,鲤,0,0,肚,0,0,0,0,0,0,0,0,0,0,0,0,0,0,0,0,0,0,0,0,0,0,0,0,0,庇,0,0,雇,羿,0,0,0,0,0,0,0,0,0,0,0,0,0,0,0,0,0,0,0,0,0,0,复[复杂],0,0,0,0,0,0,0,"蜺[齐,锡韵同]",膊,吓,0,0,0,0,0,0
87,0,0,0,0,嶷,0,0,姝,0,0,娠,0,0,0,0,禅,侥,0,0,0,0,详,撄,0,0,帱,0,0,0,0,0,0,0,迩,0,0,踽,0,0,0,0,0,0,0,0,0,0,0,0,0,0,0,0,0,0,0,0,0,0,0,0,0,豉,0,0,瓠,棣,0,0,0,0,0,0,0,0,0,0,0,0,0,0,0,0,0,0,0,0,0,0,蝠,0,0,0,0,0,0,0,批[齐韵同],粕,磔,0,0,0,0,0,0
88,0,0,0,0,治[治国],0,0,禺,0,0,闽,0,0,0,0,婵,了[明了],0,0,0,0,洋,鹦,0,0,阄,0,0,0,0,0,0,0,氏,0,0,虏,0,0,0,0,0,0,0,0,0,0,0,0,0,0,0,0,0,0,0,0,0,0,0,0,0,莉,0,0,迕,蟪,0,0,0,0,0,0,0,0,0,0,0,0,0,0,0,0,0,0,0,0,0,0,菔,0,0,0,0,0,0,0,0,簿,拆,0,0,0,0,0,0
89,0,0,0,0,骊,0,0,拘,0,0,纫,0,0,0,0,躔,魈,0,0,0,0,徉,黥,0,0,瘤,0,0,0,0,0,0,0,玺,0,0,孥,0,0,0,0,0,0,0,0,0,0,0,0,0,0,0,0,0,0,0,0,0,0,0,0,0,腻,0,0,妇,剃,0,0,0,0,0,0,0,0,0,0,0,0,0,0,0,0,0,0,0,0,0,0,孰,0,0,0,0,0,0,0,0,柞,喀,0,0,0,0,0,0
90,0,0,0,0,綦,0,0,嵎,0,0,湮,0,0,0,0,颛,峣,0,0,0,0,佯,蘅,0,0,硫,0,0,0,0,0,0,0,巳[辰巳],0,0,诂,0,0,0,0,0,0,0,0,0,0,0,0,0,0,0,0,0,0,0,0,0,0,0,0,0,秘,0,0,负,娣,0,0,0,0,0,0,0,0,0,0,0,0,0,0,0,0,0,0,0,0,0,0,塾,0,0,0,0,0,0,0,0,漠,蚱,0,0,0,0,0,0
91,0,0,0,0,怡,0,0,蹰,0,0,肫,0,0,0,0,燃,描,0,0,0,0,粱,澎,0,0,浏,0,0,0,0,0,0,0,滓,0,0,瞽,0,0,0,0,0,0,0,0,0,0,0,0,0,0,0,0,0,0,0,0,0,0,0,0,0,比[近也],0,0,阜,说[游说],0,0,0,0,0,0,0,0,0,0,0,0,0,0,0,0,0,0,0,0,0,0,矗,0,0,0,0,0,0,0,0,摸,舴,0,0,0,0,0,0
92,0,0,0,0,尼,0,0,桴,0,0,逡,0,0,0,0,涟,钊,0,0,0,0,量,膨,0,0,庥,0,0,0,0,0,0,0,苡,0,0,羖,0,0,0,0,0,0,0,0,0,0,0,0,0,0,0,0,0,0,0,0,0,0,0,0,0,鸷,0,0,副,赘,0,0,0,0,0,0,0,0,0,0,0,0,0,0,0,0,0,0,0,0,0,0,竺,0,0,0,0,0,0,0,0,酢,剧,0,0,0,0,0,0
93,0,0,0,0,漪,0,0,俘,0,0,菌,0,0,0,0,琏,轺,0,0,0,0,羊,棚,0,0,湫,0,0,0,0,0,0,0,倚,0,0,祜,0,0,0,0,0,0,0,0,0,0,0,0,0,0,0,0,0,0,0,0,0,0,0,0,0,毖,0,0,富[宥韵同],憩,0,0,0,0,0,0,0,0,0,0,0,0,0,0,0,0,0,0,0,0,0,0,曝,0,0,0,0,0,0,0,0,怍,檗,0,0,0,0,0,0
94,0,0,0,0,牺,0,0,臾,0,0,臻,0,0,0,0,便[安也],桡,0,0,0,0,伤,浜,0,0,泅,0,0,0,0,0,0,0,匕,0,0,沪,0,0,0,0,0,0,0,0,0,0,0,0,0,0,0,0,0,0,0,0,0,0,0,0,0,啻,0,0,醋,鳜,0,0,0,0,0,0,0,0,0,0,0,0,0,0,0,0,0,0,0,0,0,0,鞠,0,0,0,0,0,0,0,0,涸,擘,0,0,0,0,0,0
95,0,0,0,0,饴,0,0,萸,0,0,豳,0,0,0,0,翩,铫,0,0,0,0,汤,坪,0,0,酋,0,0,0,0,0,0,0,迤,0,0,雇,0,0,0,0,0,0,0,0,0,0,0,0,0,0,0,0,0,0,0,0,0,0,0,0,0,示,0,0,措,彘,0,0,0,0,0,0,0,0,0,0,0,0,0,0,0,0,0,0,0,0,0,0,嗾,0,0,0,0,0,0,0,0,郝,栅,0,0,0,0,0,0
96,0,0,0,0,而,0,0,吁,0,0,0,0,0,0,0,骈,鹞,0,0,0,0,鲂,苹,0,0,瓯,0,0,0,0,0,0,0,逦,0,0,仵,0,0,0,0,0,0,0,0,0,0,0,0,0,0,0,0,0,0,0,0,0,0,0,0,0,嗜,0,0,0,呓,0,0,0,0,0,0,0,0,0,0,0,0,0,0,0,0,0,0,0,0,0,0,谡,0,0,0,0,0,0,0,0,垩,啧,0,0,0,0,0,0
97,0,0,0,0,鸱,0,0,滹,0,0,0,0,0,0,0,癫,翘,0,0,0,0,樟,钲,0,0,啁,0,0,0,0,0,0,0,旖,0,0,缶,0,0,0,0,0,0,0,0,0,0,0,0,0,0,0,0,0,0,0,0,0,0,0,0,0,饲,0,0,0,谜,0,0,0,0,0,0,0,0,0,0,0,0,0,0,0,0,0,0,0,0,0,0,簏,0,0,0,0,0,0,0,0,谔,帻,0,0,0,0,0,0
98,0,0,0,0,推[灰韵同],0,0,瓠,0,0,0,0,0,0,0,阗,枵,0,0,0,0,彰,伧,0,0,飕,0,0,0,0,0,0,0,旎,0,0,母,0,0,0,0,0,0,0,0,0,0,0,0,0,0,0,0,0,0,0,0,0,0,0,0,0,伺,0,0,0,挤,0,0,0,0,0,0,0,0,0,0,0,0,0,0,0,0,0,0,0,0,0,0,国[职韵同],0,0,0,0,0,0,0,0,鳄,箦,0,0,0,0,0,0
99,0,0,0,0,陲,0,0,糊,0,0,0,0,0,0,0,钿[霰韵同],侨,0,0,0,0,漳,檠,0,0,鍪,0,0,0,0,0,0,0,舣,0,0,某,0,0,0,0,0,0,0,0,0,0,0,0,0,0,0,0,0,0,0,0,0,0,0,0,0,遗[馈遗],0,0,0,0,0,0,0,0,0,0,0,0,0,0,0,0,0,0,0,0,0,0,0,0,0,0,副,0,0,0,0,0,0,0,0,噩,扼,0,0,0,0,0,0
100,0,0,0,0,魑,0,0,醐,0,0,0,0,0,0,0,沿,窑,0,0,0,0,璋,嘤,0,0,篌,0,0,0,0,0,0,0,蚍,0,0,亩,0,0,0,0,0,0,0,0,0,0,0,0,0,0,0,0,0,0,0,0,0,0,0,0,0,薏,0,0,0,0,0,0,0,0,0,0,0,0,0,0,0,0,0,0,0,0,0,0,0,0,0,0,0,0,0,0,0,0,0,0,0,锷,划,0,0,0,0,0,0
101,0,0,0,0,锤,0,0,呼,0,0,0,0,0,0,0,蜒,礁,0,0,0,0,猖,轰,0,0,抠,0,0,0,0,0,0,0,秕,0,0,蛊,0,0,0,0,0,0,0,0,0,0,0,0,0,0,0,0,0,0,0,0,0,0,0,0,0,祟,0,0,0,0,0,0,0,0,0,0,0,0,0,0,0,0,0,0,0,0,0,0,0,0,0,0,0,0,0,0,0,0,0,0,0,颚,蜴,0,0,0,0,0,0
102,0,0,0,0,缡,0,0,沽,0,0,0,0,0,0,0,胭,0,0,0,0,0,商,铮,0,0,篝,0,0,0,0,0,0,0,芷,0,0,琥,0,0,0,0,0,0,0,0,0,0,0,0,0,0,0,0,0,0,0,0,0,0,0,0,0,值,0,0,0,0,0,0,0,0,0,0,0,0,0,0,0,0,0,0,0,0,0,0,0,0,0,0,0,0,0,0,0,0,0,0,0,缴,辟,0,0,0,0,0,0
103,0,0,0,0,璃,0,0,酤,0,0,0,0,0,0,0,芊,0,0,0,0,0,防,狰,0,0,诌,0,0,0,0,0,0,0,拟,0,0,0,0,0,0,0,0,0,0,0,0,0,0,0,0,0,0,0,0,0,0,0,0,0,0,0,0,惴,0,0,0,0,0,0,0,0,0,0,0,0,0,0,0,0,0,0,0,0,0,0,0,0,0,0,0,0,0,0,0,0,0,0,0,扩,帼,0,0,0,0,0,0
104,0,0,0,0,羸,0,0,泸,0,0,0,0,0,0,0,鳊,0,0,0,0,0,筐,宁,0,0,骰,0,0,0,0,0,0,0,你,0,0,0,0,0,0,0,0,0,0,0,0,0,0,0,0,0,0,0,0,0,0,0,0,0,0,0,0,屣,0,0,0,0,0,0,0,0,0,0,0,0,0,0,0,0,0,0,0,0,0,0,0,0,0,0,0,0,0,0,0,0,0,0,0,椁,蝈,0,0,0,0,0,0
105,0,0,0,0,帔,0,0,舻,0,0,0,0,0,0,0,胼,0,0,0,0,0,煌,狞,0,0,偻,0,0,0,0,0,0,0,企,0,0,0,0,0,0,0,0,0,0,0,0,0,0,0,0,0,0,0,0,0,0,0,0,0,0,0,0,眦,0,0,0,0,0,0,0,0,0,0,0,0,0,0,0,0,0,0,0,0,0,0,0,0,0,0,0,0,0,0,0,0,0,0,0,陌[陌韵同],刺,0,0,0,0,0,0
106,0,0,0,0,蘼,0,0,轳,0,0,0,0,0,0,0,滇,0,0,0,0,0,隍,瞪,0,0,"沤[水泡,名词]",0,0,0,0,0,0,0,诔,0,0,0,0,0,0,0,0,0,0,0,0,0,0,0,0,0,0,0,0,0,0,0,0,0,0,0,0,詈,0,0,0,0,0,0,0,0,0,0,0,0,0,0,0,0,0,0,0,0,0,0,0,0,0,0,0,0,0,0,0,0,0,0,0,0,嵴,0,0,0,0,0,0
107,0,0,0,0,芪,0,0,鸬,0,0,0,0,0,0,0,佃,0,0,0,0,0,凰,绷,0,0,蝼,0,0,0,0,0,0,0,捶,0,0,0,0,0,0,0,0,0,0,0,0,0,0,0,0,0,0,0,0,0,0,0,0,0,0,0,0,企,0,0,0,0,0,0,0,0,0,0,0,0,0,0,0,0,0,0,0,0,0,0,0,0,0,0,0,0,0,0,0,0,0,0,0,0,汐,0,0,0,0,0,0
108,0,0,0,0,畸,0,0,驽,0,0,0,0,0,0,0,畋,0,0,0,0,0,蝗,怦,0,0,髅,0,0,0,0,0,0,0,屣,0,0,0,0,0,0,0,0,0,0,0,0,0,0,0,0,0,0,0,0,0,0,0,0,0,0,0,0,渍,0,0,0,0,0,0,0,0,0,0,0,0,0,0,0,0,0,0,0,0,0,0,0,0,0,0,0,0,0,0,0,0,0,0,0,0,藉,0,0,0,0,0,0
109,0,0,0,0,羲,0,0,匍,0,0,0,0,0,0,0,咽,0,0,0,0,0,惶,璎,0,0,搂,0,0,0,0,0,0,0,棰,0,0,0,0,0,0,0,0,0,0,0,0,0,0,0,0,0,0,0,0,0,0,0,0,0,0,0,0,譬,0,0,0,0,0,0,0,0,0,0,0,0,0,0,0,0,0,0,0,0,0,0,0,0,0,0,0,0,0,0,0,0,0,0,0,0,螫,0,0,0,0,0,0
110,0,0,0,0,曦,0,0,葡,0,0,0,0,0,0,0,湮,0,0,0,0,0,璜,砰,0,0,欧,0,0,0,0,0,0,0,揣,0,0,0,0,0,0,0,0,0,0,0,0,0,0,0,0,0,0,0,0,0,0,0,0,0,0,0,0,跛,0,0,0,0,0,0,0,0,0,0,0,0,0,0,0,0,0,0,0,0,0,0,0,0,0,0,0,0,0,0,0,0,0,0,0,0,蓦,0,0,0,0,0,0
111,0,0,0,0,欹,0,0,铺[铺盖],0,0,0,0,0,0,0,狷,0,0,0,0,0,廊,氓,0,0,彪,0,0,0,0,0,0,0,豸,0,0,0,0,0,0,0,0,0,0,0,0,0,0,0,0,0,0,0,0,0,0,0,0,0,0,0,0,挚,0,0,0,0,0,0,0,0,0,0,0,0,0,0,0,0,0,0,0,0,0,0,0,0,0,0,0,0,0,0,0,0,0,0,0,0,摭,0,0,0,0,0,0
112,0,0,0,0,猗,0,0,菟,0,0,0,0,0,0,0,蠲,0,0,0,0,0,浪,鲭,0,0,掊,0,0,0,0,0,0,0,祉,0,0,0,0,0,0,0,0,0,0,0,0,0,0,0,0,0,0,0,0,0,0,0,0,0,0,0,0,燧,0,0,0,0,0,0,0,0,0,0,0,0,0,0,0,0,0,0,0,0,0,0,0,0,0,0,0,0,0,0,0,0,0,0,0,0,襞,0,0,0,0,0,0
113,0,0,0,0,崎,0,0,诬,0,0,0,0,0,0,0,蔫,0,0,0,0,0,当,侦,0,0,虬,0,0,0,0,0,0,0,恃,0,0,0,0,0,0,0,0,0,0,0,0,0,0,0,0,0,0,0,0,0,0,0,0,0,0,0,0,隧,0,0,0,0,0,0,0,0,0,0,0,0,0,0,0,0,0,0,0,0,0,0,0,0,0,0,0,0,0,0,0,0,0,0,0,0,虢,0,0,0,0,0,0
114,0,0,0,0,崖,0,0,呜,0,0,0,0,0,0,0,骞,0,0,0,0,0,裆,柽,0,0,揉,0,0,0,0,0,0,0,0,0,0,0,0,0,0,0,0,0,0,0,0,0,0,0,0,0,0,0,0,0,0,0,0,0,0,0,0,悴,0,0,0,0,0,0,0,0,0,0,0,0,0,0,0,0,0,0,0,0,0,0,0,0,0,0,0,0,0,0,0,0,0,0,0,0,哑[笑声],0,0,0,0,0,0
115,0,0,0,0,筛,0,0,迂,0,0,0,0,0,0,0,膻,0,0,0,0,0,珰,蛏,0,0,蹂,0,0,0,0,0,0,0,0,0,0,0,0,0,0,0,0,0,0,0,0,0,0,0,0,0,0,0,0,0,0,0,0,0,0,0,0,尿,0,0,0,0,0,0,0,0,0,0,0,0,0,0,0,0,0,0,0,0,0,0,0,0,0,0,0,0,0,0,0,0,0,0,0,0,绎,0,0,0,0,0,0
116,0,0,0,0,狮,0,0,盂,0,0,0,0,0,0,0,扇,0,0,0,0,0,沧,茔,0,0,抔,0,0,0,0,0,0,0,0,0,0,0,0,0,0,0,0,0,0,0,0,0,0,0,0,0,0,0,0,0,0,0,0,0,0,0,0,稚,0,0,0,0,0,0,0,0,0,0,0,0,0,0,0,0,0,0,0,0,0,0,0,0,0,0,0,0,0,0,0,0,0,0,0,0,射[音亦],0,0,0,0,0,0
117,0,0,0,0,蛳,0,0,竽,0,0,0,0,0,0,0,棉,0,0,0,0,0,纲,赪,0,0,"不[与有韵""否""通]",0,0,0,0,0,0,0,0,0,0,0,0,0,0,0,0,0,0,0,0,0,0,0,0,0,0,0,0,0,0,0,0,0,0,0,0,雉,0,0,0,0,0,0,0,0,0,0,0,0,0,0,0,0,0,0,0,0,0,0,0,0,0,0,0,0,0,0,0,0,0,0,0,0,0,0,0,0,0,0,0
118,0,0,0,0,绥,0,0,趺,0,0,0,0,0,0,0,拴,0,0,0,0,0,亢,茕,0,0,瓿,0,0,0,0,0,0,0,0,0,0,0,0,0,0,0,0,0,0,0,0,0,0,0,0,0,0,0,0,0,0,0,0,0,0,0,0,莅,0,0,0,0,0,0,0,0,0,0,0,0,0,0,0,0,0,0,0,0,0,0,0,0,0,0,0,0,0,0,0,0,0,0,0,0,0,0,0,0,0,0,0
119,0,0,0,0,虽,0,0,毋,0,0,0,0,0,0,0,荃,0,0,0,0,0,吭,赓,0,0,缪[绸缪],0,0,0,0,0,0,0,0,0,0,0,0,0,0,0,0,0,0,0,0,0,0,0,0,0,0,0,0,0,0,0,0,0,0,0,0,悸,0,0,0,0,0,0,0,0,0,0,0,0,0,0,0,0,0,0,0,0,0,0,0,0,0,0,0,0,0,0,0,0,0,0,0,0,0,0,0,0,0,0,0
120,0,0,0,0,粢,0,0,孺,0,0,0,0,0,0,0,籼,0,0,0,0,0,潢,黉,0,0,0,0,0,0,0,0,0,0,0,0,0,0,0,0,0,0,0,0,0,0,0,0,0,0,0,0,0,0,0,0,0,0,0,0,0,0,0,肄,0,0,0,0,0,0,0,0,0,0,0,0,0,0,0,0,0,0,0,0,0,0,0,0,0,0,0,0,0,0,0,0,0,0,0,0,0,0,0,0,0,0,0
121,0,0,0,0,瓷,0,0,酴,0,0,0,0,0,0,0,砖,0,0,0,0,0,钢,瞠,0,0,0,0,0,0,0,0,0,0,0,0,0,0,0,0,0,0,0,0,0,0,0,0,0,0,0,0,0,0,0,0,0,0,0,0,0,0,0,泌,0,0,0,0,0,0,0,0,0,0,0,0,0,0,0,0,0,0,0,0,0,0,0,0,0,0,0,0,0,0,0,0,0,0,0,0,0,0,0,0,0,0,0
122,0,0,0,0,嫠,0,0,鸪,0,0,0,0,0,0,0,挛,0,0,0,0,0,丧,0,0,0,0,0,0,0,0,0,0,0,0,0,0,0,0,0,0,0,0,0,0,0,0,0,0,0,0,0,0,0,0,0,0,0,0,0,0,0,0,识[记也],0,0,0,0,0,0,0,0,0,0,0,0,0,0,0,0,0,0,0,0,0,0,0,0,0,0,0,0,0,0,0,0,0,0,0,0,0,0,0,0,0,0,0
123,0,0,0,0,痍,0,0,骷,0,0,0,0,0,0,0,儇,0,0,0,0,0,盲,0,0,0,0,0,0,0,0,0,0,0,0,0,0,0,0,0,0,0,0,0,0,0,0,0,0,0,0,0,0,0,0,0,0,0,0,0,0,0,0,侍,0,0,0,0,0,0,0,0,0,0,0,0,0,0,0,0,0,0,0,0,0,0,0,0,0,0,0,0,0,0,0,0,0,0,0,0,0,0,0,0,0,0,0
124,0,0,0,0,惟,0,0,刳,0,0,0,0,0,0,0,璇,0,0,0,0,0,簧,0,0,0,0,0,0,0,0,0,0,0,0,0,0,0,0,0,0,0,0,0,0,0,0,0,0,0,0,0,0,0,0,0,0,0,0,0,0,0,0,踬,0,0,0,0,0,0,0,0,0,0,0,0,0,0,0,0,0,0,0,0,0,0,0,0,0,0,0,0,0,0,0,0,0,0,0,0,0,0,0,0,0,0,0
125,0,0,0,0,唯,0,0,蛄,0,0,0,0,0,0,0,卷[曲也],0,0,0,0,0,忙,0,0,0,0,0,0,0,0,0,0,0,0,0,0,0,0,0,0,0,0,0,0,0,0,0,0,0,0,0,0,0,0,0,0,0,0,0,0,0,0,为[因为],0,0,0,0,0,0,0,0,0,0,0,0,0,0,0,0,0,0,0,0,0,0,0,0,0,0,0,0,0,0,0,0,0,0,0,0,0,0,0,0,0,0,0
126,0,0,0,0,机,0,0,晡,0,0,0,0,0,0,0,扁[扁舟],0,0,0,0,0,茫,0,0,0,0,0,0,0,0,0,0,0,0,0,0,0,0,0,0,0,0,0,0,0,0,0,0,0,0,0,0,0,0,0,0,0,0,0,0,0,0,0,0,0,0,0,0,0,0,0,0,0,0,0,0,0,0,0,0,0,0,0,0,0,0,0,0,0,0,0,0,0,0,0,0,0,0,0,0,0,0,0,0,0,0
127,0,0,0,0,耆,0,0,蒱,0,0,0,0,0,0,0,单[单于],0,0,0,0,0,傍,0,0,0,0,0,0,0,0,0,0,0,0,0,0,0,0,0,0,0,0,0,0,0,0,0,0,0,0,0,0,0,0,0,0,0,0,0,0,0,0,0,0,0,0,0,0,0,0,0,0,0,0,0,0,0,0,0,0,0,0,0,0,0,0,0,0,0,0,0,0,0,0,0,0,0,0,0,0,0,0,0,0,0,0
128,0,0,0,0,逵,0,0,葫,0,0,0,0,0,0,0,溅[溅溅],0,0,0,0,0,汪,0,0,0,0,0,0,0,0,0,0,0,0,0,0,0,0,0,0,0,0,0,0,0,0,0,0,0,0,0,0,0,0,0,0,0,0,0,0,0,0,0,0,0,0,0,0,0,0,0,0,0,0,0,0,0,0,0,0,0,0,0,0,0,0,0,0,0,0,0,0,0,0,0,0,0,0,0,0,0,0,0,0,0,0
129,0,0,0,0,岿,0,0,呱,0,0,0,0,0,0,0,犍,0,0,0,0,0,臧,0,0,0,0,0,0,0,0,0,0,0,0,0,0,0,0,0,0,0,0,0,0,0,0,0,0,0,0,0,0,0,0,0,0,0,0,0,0,0,0,0,0,0,0,0,0,0,0,0,0,0,0,0,0,0,0,0,0,0,0,0,0,0,0,0,0,0,0,0,0,0,0,0,0,0,0,0,0,0,0,0,0,0,0
130,0,0,0,0,丕,0,0,蝴,0,0,0,0,0,0,0,0,0,0,0,0,0,琅,0,0,0,0,0,0,0,0,0,0,0,0,0,0,0,0,0,0,0,0,0,0,0,0,0,0,0,0,0,0,0,0,0,0,0,0,0,0,0,0,0,0,0,0,0,0,0,0,0,0,0,0,0,0,0,0,0,0,0,0,0,0,0,0,0,0,0,0,0,0,0,0,0,0,0,0,0,0,0,0,0,0,0,0
131,0,0,0,0,毗,0,0,劬,0,0,0,0,0,0,0,0,0,0,0,0,0,当,0,0,0,0,0,0,0,0,0,0,0,0,0,0,0,0,0,0,0,0,0,0,0,0,0,0,0,0,0,0,0,0,0,0,0,0,0,0,0,0,0,0,0,0,0,0,0,0,0,0,0,0,0,0,0,0,0,0,0,0,0,0,0,0,0,0,0,0,0,0,0,0,0,0,0,0,0,0,0,0,0,0,0,0
132,0,0,0,0,枇,0,0,殂,0,0,0,0,0,0,0,0,0,0,0,0,0,庠,0,0,0,0,0,0,0,0,0,0,0,0,0,0,0,0,0,0,0,0,0,0,0,0,0,0,0,0,0,0,0,0,0,0,0,0,0,0,0,0,0,0,0,0,0,0,0,0,0,0,0,0,0,0,0,0,0,0,0,0,0,0,0,0,0,0,0,0,0,0,0,0,0,0,0,0,0,0,0,0,0,0,0,0
133,0,0,0,0,貔,0,0,猢,0,0,0,0,0,0,0,0,0,0,0,0,0,裳,0,0,0,0,0,0,0,0,0,0,0,0,0,0,0,0,0,0,0,0,0,0,0,0,0,0,0,0,0,0,0,0,0,0,0,0,0,0,0,0,0,0,0,0,0,0,0,0,0,0,0,0,0,0,0,0,0,0,0,0,0,0,0,0,0,0,0,0,0,0,0,0,0,0,0,0,0,0,0,0,0,0,0,0
134,0,0,0,0,楣,0,0,郛,0,0,0,0,0,0,0,0,0,0,0,0,0,昂,0,0,0,0,0,0,0,0,0,0,0,0,0,0,0,0,0,0,0,0,0,0,0,0,0,0,0,0,0,0,0,0,0,0,0,0,0,0,0,0,0,0,0,0,0,0,0,0,0,0,0,0,0,0,0,0,0,0,0,0,0,0,0,0,0,0,0,0,0,0,0,0,0,0,0,0,0,0,0,0,0,0,0,0
135,0,0,0,0,霉,0,0,孚,0,0,0,0,0,0,0,0,0,0,0,0,0,障,0,0,0,0,0,0,0,0,0,0,0,0,0,0,0,0,0,0,0,0,0,0,0,0,0,0,0,0,0,0,0,0,0,0,0,0,0,0,0,0,0,0,0,0,0,0,0,0,0,0,0,0,0,0,0,0,0,0,0,0,0,0,0,0,0,0,0,0,0,0,0,0,0,0,0,0,0,0,0,0,0,0,0,0
136,0,0,0,0,辎,0,0,0,0,0,0,0,0,0,0,0,0,0,0,0,0,糖,0,0,0,0,0,0,0,0,0,0,0,0,0,0,0,0,0,0,0,0,0,0,0,0,0,0,0,0,0,0,0,0,0,0,0,0,0,0,0,0,0,0,0,0,0,0,0,0,0,0,0,0,0,0,0,0,0,0,0,0,0,0,0,0,0,0,0,0,0,0,0,0,0,0,0,0,0,0,0,0,0,0,0,0
137,0,0,0,0,蚩,0,0,0,0,0,0,0,0,0,0,0,0,0,0,0,0,疡,0,0,0,0,0,0,0,0,0,0,0,0,0,0,0,0,0,0,0,0,0,0,0,0,0,0,0,0,0,0,0,0,0,0,0,0,0,0,0,0,0,0,0,0,0,0,0,0,0,0,0,0,0,0,0,0,0,0,0,0,0,0,0,0,0,0,0,0,0,0,0,0,0,0,0,0,0,0,0,0,0,0,0,0
138,0,0,0,0,嗤,0,0,0,0,0,0,0,0,0,0,0,0,0,0,0,0,锵,0,0,0,0,0,0,0,0,0,0,0,0,0,0,0,0,0,0,0,0,0,0,0,0,0,0,0,0,0,0,0,0,0,0,0,0,0,0,0,0,0,0,0,0,0,0,0,0,0,0,0,0,0,0,0,0,0,0,0,0,0,0,0,0,0,0,0,0,0,0,0,0,0,0,0,0,0,0,0,0,0,0,0,0
139,0,0,0,0,媸,0,0,0,0,0,0,0,0,0,0,0,0,0,0,0,0,杭,0,0,0,0,0,0,0,0,0,0,0,0,0,0,0,0,0,0,0,0,0,0,0,0,0,0,0,0,0,0,0,0,0,0,0,0,0,0,0,0,0,0,0,0,0,0,0,0,0,0,0,0,0,0,0,0,0,0,0,0,0,0,0,0,0,0,0,0,0,0,0,0,0,0,0,0,0,0,0,0,0,0,0,0
140,0,0,0,0,飔,0,0,0,0,0,0,0,0,0,0,0,0,0,0,0,0,邙,0,0,0,0,0,0,0,0,0,0,0,0,0,0,0,0,0,0,0,0,0,0,0,0,0,0,0,0,0,0,0,0,0,0,0,0,0,0,0,0,0,0,0,0,0,0,0,0,0,0,0,0,0,0,0,0,0,0,0,0,0,0,0,0,0,0,0,0,0,0,0,0,0,0,0,0,0,0,0,0,0,0,0,0
141,0,0,0,0,埘,0,0,0,0,0,0,0,0,0,0,0,0,0,0,0,0,赃,0,0,0,0,0,0,0,0,0,0,0,0,0,0,0,0,0,0,0,0,0,0,0,0,0,0,0,0,0,0,0,0,0,0,0,0,0,0,0,0,0,0,0,0,0,0,0,0,0,0,0,0,0,0,0,0,0,0,0,0,0,0,0,0,0,0,0,0,0,0,0,0,0,0,0,0,0,0,0,0,0,0,0,0
142,0,0,0,0,莳,0,0,0,0,0,0,0,0,0,0,0,0,0,0,0,0,滂,0,0,0,0,0,0,0,0,0,0,0,0,0,0,0,0,0,0,0,0,0,0,0,0,0,0,0,0,0,0,0,0,0,0,0,0,0,0,0,0,0,0,0,0,0,0,0,0,0,0,0,0,0,0,0,0,0,0,0,0,0,0,0,0,0,0,0,0,0,0,0,0,0,0,0,0,0,0,0,0,0,0,0,0
143,0,0,0,0,鲥,0,0,0,0,0,0,0,0,0,0,0,0,0,0,0,0,禳,0,0,0,0,0,0,0,0,0,0,0,0,0,0,0,0,0,0,0,0,0,0,0,0,0,0,0,0,0,0,0,0,0,0,0,0,0,0,0,0,0,0,0,0,0,0,0,0,0,0,0,0,0,0,0,0,0,0,0,0,0,0,0,0,0,0,0,0,0,0,0,0,0,0,0,0,0,0,0,0,0,0,0,0
144,0,0,0,0,鹚,0,0,0,0,0,0,0,0,0,0,0,0,0,0,0,0,攘,0,0,0,0,0,0,0,0,0,0,0,0,0,0,0,0,0,0,0,0,0,0,0,0,0,0,0,0,0,0,0,0,0,0,0,0,0,0,0,0,0,0,0,0,0,0,0,0,0,0,0,0,0,0,0,0,0,0,0,0,0,0,0,0,0,0,0,0,0,0,0,0,0,0,0,0,0,0,0,0,0,0,0,0
145,0,0,0,0,笞,0,0,0,0,0,0,0,0,0,0,0,0,0,0,0,0,瓤,0,0,0,0,0,0,0,0,0,0,0,0,0,0,0,0,0,0,0,0,0,0,0,0,0,0,0,0,0,0,0,0,0,0,0,0,0,0,0,0,0,0,0,0,0,0,0,0,0,0,0,0,0,0,0,0,0,0,0,0,0,0,0,0,0,0,0,0,0,0,0,0,0,0,0,0,0,0,0,0,0,0,0,0
146,0,0,0,0,漓,0,0,0,0,0,0,0,0,0,0,0,0,0,0,0,0,抢,0,0,0,0,0,0,0,0,0,0,0,0,0,0,0,0,0,0,0,0,0,0,0,0,0,0,0,0,0,0,0,0,0,0,0,0,0,0,0,0,0,0,0,0,0,0,0,0,0,0,0,0,0,0,0,0,0,0,0,0,0,0,0,0,0,0,0,0,0,0,0,0,0,0,0,0,0,0,0,0,0,0,0,0
147,0,0,0,0,贻,0,0,0,0,0,0,0,0,0,0,0,0,0,0,0,0,螳,0,0,0,0,0,0,0,0,0,0,0,0,0,0,0,0,0,0,0,0,0,0,0,0,0,0,0,0,0,0,0,0,0,0,0,0,0,0,0,0,0,0,0,0,0,0,0,0,0,0,0,0,0,0,0,0,0,0,0,0,0,0,0,0,0,0,0,0,0,0,0,0,0,0,0,0,0,0,0,0,0,0,0,0
148,0,0,0,0,禧,0,0,0,0,0,0,0,0,0,0,0,0,0,0,0,0,踉,0,0,0,0,0,0,0,0,0,0,0,0,0,0,0,0,0,0,0,0,0,0,0,0,0,0,0,0,0,0,0,0,0,0,0,0,0,0,0,0,0,0,0,0,0,0,0,0,0,0,0,0,0,0,0,0,0,0,0,0,0,0,0,0,0,0,0,0,0,0,0,0,0,0,0,0,0,0,0,0,0,0,0,0
149,0,0,0,0,噫,0,0,0,0,0,0,0,0,0,0,0,0,0,0,0,0,眶,0,0,0,0,0,0,0,0,0,0,0,0,0,0,0,0,0,0,0,0,0,0,0,0,0,0,0,0,0,0,0,0,0,0,0,0,0,0,0,0,0,0,0,0,0,0,0,0,0,0,0,0,0,0,0,0,0,0,0,0,0,0,0,0,0,0,0,0,0,0,0,0,0,0,0,0,0,0,0,0,0,0,0,0
150,0,0,0,0,其,0,0,0,0,0,0,0,0,0,0,0,0,0,0,0,0,炀,0,0,0,0,0,0,0,0,0,0,0,0,0,0,0,0,0,0,0,0,0,0,0,0,0,0,0,0,0,0,0,0,0,0,0,0,0,0,0,0,0,0,0,0,0,0,0,0,0,0,0,0,0,0,0,0,0,0,0,0,0,0,0,0,0,0,0,0,0,0,0,0,0,0,0,0,0,0,0,0,0,0,0,0
151,0,0,0,0,琪,0,0,0,0,0,0,0,0,0,0,0,0,0,0,0,0,阊,0,0,0,0,0,0,0,0,0,0,0,0,0,0,0,0,0,0,0,0,0,0,0,0,0,0,0,0,0,0,0,0,0,0,0,0,0,0,0,0,0,0,0,0,0,0,0,0,0,0,0,0,0,0,0,0,0,0,0,0,0,0,0,0,0,0,0,0,0,0,0,0,0,0,0,0,0,0,0,0,0,0,0,0
152,0,0,0,0,祺,0,0,0,0,0,0,0,0,0,0,0,0,0,0,0,0,彭,0,0,0,0,0,0,0,0,0,0,0,0,0,0,0,0,0,0,0,0,0,0,0,0,0,0,0,0,0,0,0,0,0,0,0,0,0,0,0,0,0,0,0,0,0,0,0,0,0,0,0,0,0,0,0,0,0,0,0,0,0,0,0,0,0,0,0,0,0,0,0,0,0,0,0,0,0,0,0,0,0,0,0,0
153,0,0,0,0,麒,0,0,0,0,0,0,0,0,0,0,0,0,0,0,0,0,蒋,0,0,0,0,0,0,0,0,0,0,0,0,0,0,0,0,0,0,0,0,0,0,0,0,0,0,0,0,0,0,0,0,0,0,0,0,0,0,0,0,0,0,0,0,0,0,0,0,0,0,0,0,0,0,0,0,0,0,0,0,0,0,0,0,0,0,0,0,0,0,0,0,0,0,0,0,0,0,0,0,0,0,0,0
154,0,0,0,0,栀,0,0,0,0,0,0,0,0,0,0,0,0,0,0,0,0,亡,0,0,0,0,0,0,0,0,0,0,0,0,0,0,0,0,0,0,0,0,0,0,0,0,0,0,0,0,0,0,0,0,0,0,0,0,0,0,0,0,0,0,0,0,0,0,0,0,0,0,0,0,0,0,0,0,0,0,0,0,0,0,0,0,0,0,0,0,0,0,0,0,0,0,0,0,0,0,0,0,0,0,0,0
155,0,0,0,0,鹂,0,0,0,0,0,0,0,0,0,0,0,0,0,0,0,0,殃,0,0,0,0,0,0,0,0,0,0,0,0,0,0,0,0,0,0,0,0,0,0,0,0,0,0,0,0,0,0,0,0,0,0,0,0,0,0,0,0,0,0,0,0,0,0,0,0,0,0,0,0,0,0,0,0,0,0,0,0,0,0,0,0,0,0,0,0,0,0,0,0,0,0,0,0,0,0,0,0,0,0,0,0
156,0,0,0,0,累,0,0,0,0,0,0,0,0,0,0,0,0,0,0,0,0,蔷,0,0,0,0,0,0,0,0,0,0,0,0,0,0,0,0,0,0,0,0,0,0,0,0,0,0,0,0,0,0,0,0,0,0,0,0,0,0,0,0,0,0,0,0,0,0,0,0,0,0,0,0,0,0,0,0,0,0,0,0,0,0,0,0,0,0,0,0,0,0,0,0,0,0,0,0,0,0,0,0,0,0,0,0
157,0,0,0,0,踟,0,0,0,0,0,0,0,0,0,0,0,0,0,0,0,0,镶,0,0,0,0,0,0,0,0,0,0,0,0,0,0,0,0,0,0,0,0,0,0,0,0,0,0,0,0,0,0,0,0,0,0,0,0,0,0,0,0,0,0,0,0,0,0,0,0,0,0,0,0,0,0,0,0,0,0,0,0,0,0,0,0,0,0,0,0,0,0,0,0,0,0,0,0,0,0,0,0,0,0,0,0
158,0,0,0,0,琵,0,0,0,0,0,0,0,0,0,0,0,0,0,0,0,0,孀,0,0,0,0,0,0,0,0,0,0,0,0,0,0,0,0,0,0,0,0,0,0,0,0,0,0,0,0,0,0,0,0,0,0,0,0,0,0,0,0,0,0,0,0,0,0,0,0,0,0,0,0,0,0,0,0,0,0,0,0,0,0,0,0,0,0,0,0,0,0,0,0,0,0,0,0,0,0,0,0,0,0,0,0
159,0,0,0,0,祁,0,0,0,0,0,0,0,0,0,0,0,0,0,0,0,0,搪,0,0,0,0,0,0,0,0,0,0,0,0,0,0,0,0,0,0,0,0,0,0,0,0,0,0,0,0,0,0,0,0,0,0,0,0,0,0,0,0,0,0,0,0,0,0,0,0,0,0,0,0,0,0,0,0,0,0,0,0,0,0,0,0,0,0,0,0,0,0,0,0,0,0,0,0,0,0,0,0,0,0,0,0
160,0,0,0,0,骐,0,0,0,0,0,0,0,0,0,0,0,0,0,0,0,0,彷,0,0,0,0,0,0,0,0,0,0,0,0,0,0,0,0,0,0,0,0,0,0,0,0,0,0,0,0,0,0,0,0,0,0,0,0,0,0,0,0,0,0,0,0,0,0,0,0,0,0,0,0,0,0,0,0,0,0,0,0,0,0,0,0,0,0,0,0,0,0,0,0,0,0,0,0,0,0,0,0,0,0,0,0
161,0,0,0,0,訾,0,0,0,0,0,0,0,0,0,0,0,0,0,0,0,0,胱,0,0,0,0,0,0,0,0,0,0,0,0,0,0,0,0,0,0,0,0,0,0,0,0,0,0,0,0,0,0,0,0,0,0,0,0,0,0,0,0,0,0,0,0,0,0,0,0,0,0,0,0,0,0,0,0,0,0,0,0,0,0,0,0,0,0,0,0,0,0,0,0,0,0,0,0,0,0,0,0,0,0,0,0
162,0,0,0,0,咨,0,0,0,0,0,0,0,0,0,0,0,0,0,0,0,0,磅,0,0,0,0,0,0,0,0,0,0,0,0,0,0,0,0,0,0,0,0,0,0,0,0,0,0,0,0,0,0,0,0,0,0,0,0,0,0,0,0,0,0,0,0,0,0,0,0,0,0,0,0,0,0,0,0,0,0,0,0,0,0,0,0,0,0,0,0,0,0,0,0,0,0,0,0,0,0,0,0,0,0,0,0
163,0,0,0,0,睢,0,0,0,0,0,0,0,0,0,0,0,0,0,0,0,0,膀,0,0,0,0,0,0,0,0,0,0,0,0,0,0,0,0,0,0,0,0,0,0,0,0,0,0,0,0,0,0,0,0,0,0,0,0,0,0,0,0,0,0,0,0,0,0,0,0,0,0,0,0,0,0,0,0,0,0,0,0,0,0,0,0,0,0,0,0,0,0,0,0,0,0,0,0,0,0,0,0,0,0,0,0
164,0,0,0,0,馗,0,0,0,0,0,0,0,0,0,0,0,0,0,0,0,0,螃,0,0,0,0,0,0,0,0,0,0,0,0,0,0,0,0,0,0,0,0,0,0,0,0,0,0,0,0,0,0,0,0,0,0,0,0,0,0,0,0,0,0,0,0,0,0,0,0,0,0,0,0,0,0,0,0,0,0,0,0,0,0,0,0,0,0,0,0,0,0,0,0,0,0,0,0,0,0,0,0,0,0,0,0
165,0,0,0,0,胝,0,0,0,0,0,0,0,0,0,0,0,0,0,0,0,0,0,0,0,0,0,0,0,0,0,0,0,0,0,0,0,0,0,0,0,0,0,0,0,0,0,0,0,0,0,0,0,0,0,0,0,0,0,0,0,0,0,0,0,0,0,0,0,0,0,0,0,0,0,0,0,0,0,0,0,0,0,0,0,0,0,0,0,0,0,0,0,0,0,0,0,0,0,0,0,0,0,0,0,0,0
166,0,0,0,0,鳍,0,0,0,0,0,0,0,0,0,0,0,0,0,0,0,0,0,0,0,0,0,0,0,0,0,0,0,0,0,0,0,0,0,0,0,0,0,0,0,0,0,0,0,0,0,0,0,0,0,0,0,0,0,0,0,0,0,0,0,0,0,0,0,0,0,0,0,0,0,0,0,0,0,0,0,0,0,0,0,0,0,0,0,0,0,0,0,0,0,0,0,0,0,0,0,0,0,0,0,0,0
167,0,0,0,0,蛇[委蛇],0,0,0,0,0,0,0,0,0,0,0,0,0,0,0,0,0,0,0,0,0,0,0,0,0,0,0,0,0,0,0,0,0,0,0,0,0,0,0,0,0,0,0,0,0,0,0,0,0,0,0,0,0,0,0,0,0,0,0,0,0,0,0,0,0,0,0,0,0,0,0,0,0,0,0,0,0,0,0,0,0,0,0,0,0,0,0,0,0,0,0,0,0,0,0,0,0,0,0,0,0
168,0,0,0,0,陴,0,0,0,0,0,0,0,0,0,0,0,0,0,0,0,0,0,0,0,0,0,0,0,0,0,0,0,0,0,0,0,0,0,0,0,0,0,0,0,0,0,0,0,0,0,0,0,0,0,0,0,0,0,0,0,0,0,0,0,0,0,0,0,0,0,0,0,0,0,0,0,0,0,0,0,0,0,0,0,0,0,0,0,0,0,0,0,0,0,0,0,0,0,0,0,0,0,0,0,0,0
169,0,0,0,0,淇,0,0,0,0,0,0,0,0,0,0,0,0,0,0,0,0,0,0,0,0,0,0,0,0,0,0,0,0,0,0,0,0,0,0,0,0,0,0,0,0,0,0,0,0,0,0,0,0,0,0,0,0,0,0,0,0,0,0,0,0,0,0,0,0,0,0,0,0,0,0,0,0,0,0,0,0,0,0,0,0,0,0,0,0,0,0,0,0,0,0,0,0,0,0,0,0,0,0,0,0,0
170,0,0,0,0,丽[地名],0,0,0,0,0,0,0,0,0,0,0,0,0,0,0,0,0,0,0,0,0,0,0,0,0,0,0,0,0,0,0,0,0,0,0,0,0,0,0,0,0,0,0,0,0,0,0,0,0,0,0,0,0,0,0,0,0,0,0,0,0,0,0,0,0,0,0,0,0,0,0,0,0,0,0,0,0,0,0,0,0,0,0,0,0,0,0,0,0,0,0,0,0,0,0,0,0,0,0,0,0
171,0,0,0,0,厮,0,0,0,0,0,0,0,0,0,0,0,0,0,0,0,0,0,0,0,0,0,0,0,0,0,0,0,0,0,0,0,0,0,0,0,0,0,0,0,0,0,0,0,0,0,0,0,0,0,0,0,0,0,0,0,0,0,0,0,0,0,0,0,0,0,0,0,0,0,0,0,0,0,0,0,0,0,0,0,0,0,0,0,0,0,0,0,0,0,0,0,0,0,0,0,0,0,0,0,0,0
172,0,0,0,0,氏[月氏],0,0,0,0,0,0,0,0,0,0,0,0,0,0,0,0,0,0,0,0,0,0,0,0,0,0,0,0,0,0,0,0,0,0,0,0,0,0,0,0,0,0,0,0,0,0,0,0,0,0,0,0,0,0,0,0,0,0,0,0,0,0,0,0,0,0,0,0,0,0,0,0,0,0,0,0,0,0,0,0,0,0,0,0,0,0,0,0,0,0,0,0,0,0,0,0,0,0,0,0,0
173,0,0,0,0,僖,0,0,0,0,0,0,0,0,0,0,0,0,0,0,0,0,0,0,0,0,0,0,0,0,0,0,0,0,0,0,0,0,0,0,0,0,0,0,0,0,0,0,0,0,0,0,0,0,0,0,0,0,0,0,0,0,0,0,0,0,0,0,0,0,0,0,0,0,0,0,0,0,0,0,0,0,0,0,0,0,0,0,0,0,0,0,0,0,0,0,0,0,0,0,0,0,0,0,0,0,0
174,0,0,0,0,嘻,0,0,0,0,0,0,0,0,0,0,0,0,0,0,0,0,0,0,0,0,0,0,0,0,0,0,0,0,0,0,0,0,0,0,0,0,0,0,0,0,0,0,0,0,0,0,0,0,0,0,0,0,0,0,0,0,0,0,0,0,0,0,0,0,0,0,0,0,0,0,0,0,0,0,0,0,0,0,0,0,0,0,0,0,0,0,0,0,0,0,0,0,0,0,0,0,0,0,0,0,0
175,0,0,0,0,琦,0,0,0,0,0,0,0,0,0,0,0,0,0,0,0,0,0,0,0,0,0,0,0,0,0,0,0,0,0,0,0,0,0,0,0,0,0,0,0,0,0,0,0,0,0,0,0,0,0,0,0,0,0,0,0,0,0,0,0,0,0,0,0,0,0,0,0,0,0,0,0,0,0,0,0,0,0,0,0,0,0,0,0,0,0,0,0,0,0,0,0,0,0,0,0,0,0,0,0,0,0
176,0,0,0,0,怩,0,0,0,0,0,0,0,0,0,0,0,0,0,0,0,0,0,0,0,0,0,0,0,0,0,0,0,0,0,0,0,0,0,0,0,0,0,0,0,0,0,0,0,0,0,0,0,0,0,0,0,0,0,0,0,0,0,0,0,0,0,0,0,0,0,0,0,0,0,0,0,0,0,0,0,0,0,0,0,0,0,0,0,0,0,0,0,0,0,0,0,0,0,0,0,0,0,0,0,0,0
177,0,0,0,0,熹,0,0,0,0,0,0,0,0,0,0,0,0,0,0,0,0,0,0,0,0,0,0,0,0,0,0,0,0,0,0,0,0,0,0,0,0,0,0,0,0,0,0,0,0,0,0,0,0,0,0,0,0,0,0,0,0,0,0,0,0,0,0,0,0,0,0,0,0,0,0,0,0,0,0,0,0,0,0,0,0,0,0,0,0,0,0,0,0,0,0,0,0,0,0,0,0,0,0,0,0,0
178,0,0,0,0,孜,0,0,0,0,0,0,0,0,0,0,0,0,0,0,0,0,0,0,0,0,0,0,0,0,0,0,0,0,0,0,0,0,0,0,0,0,0,0,0,0,0,0,0,0,0,0,0,0,0,0,0,0,0,0,0,0,0,0,0,0,0,0,0,0,0,0,0,0,0,0,0,0,0,0,0,0,0,0,0,0,0,0,0,0,0,0,0,0,0,0,0,0,0,0,0,0,0,0,0,0,0
179,0,0,0,0,罹,0,0,0,0,0,0,0,0,0,0,0,0,0,0,0,0,0,0,0,0,0,0,0,0,0,0,0,0,0,0,0,0,0,0,0,0,0,0,0,0,0,0,0,0,0,0,0,0,0,0,0,0,0,0,0,0,0,0,0,0,0,0,0,0,0,0,0,0,0,0,0,0,0,0,0,0,0,0,0,0,0,0,0,0,0,0,0,0,0,0,0,0,0,0,0,0,0,0,0,0,0
180,0,0,0,0,磁,0,0,0,0,0,0,0,0,0,0,0,0,0,0,0,0,0,0,0,0,0,0,0,0,0,0,0,0,0,0,0,0,0,0,0,0,0,0,0,0,0,0,0,0,0,0,0,0,0,0,0,0,0,0,0,0,0,0,0,0,0,0,0,0,0,0,0,0,0,0,0,0,0,0,0,0,0,0,0,0,0,0,0,0,0,0,0,0,0,0,0,0,0,0,0,0,0,0,0,0,0
181,0,0,0,0,痿,0,0,0,0,0,0,0,0,0,0,0,0,0,0,0,0,0,0,0,0,0,0,0,0,0,0,0,0,0,0,0,0,0,0,0,0,0,0,0,0,0,0,0,0,0,0,0,0,0,0,0,0,0,0,0,0,0,0,0,0,0,0,0,0,0,0,0,0,0,0,0,0,0,0,0,0,0,0,0,0,0,0,0,0,0,0,0,0,0,0,0,0,0,0,0,0,0,0,0,0,0
182,0,0,0,0,隋,0,0,0,0,0,0,0,0,0,0,0,0,0,0,0,0,0,0,0,0,0,0,0,0,0,0,0,0,0,0,0,0,0,0,0,0,0,0,0,0,0,0,0,0,0,0,0,0,0,0,0,0,0,0,0,0,0,0,0,0,0,0,0,0,0,0,0,0,0,0,0,0,0,0,0,0,0,0,0,0,0,0,0,0,0,0,0,0,0,0,0,0,0,0,0,0,0,0,0,0,0
183,0,0,0,0,逶,0,0,0,0,0,0,0,0,0,0,0,0,0,0,0,0,0,0,0,0,0,0,0,0,0,0,0,0,0,0,0,0,0,0,0,0,0,0,0,0,0,0,0,0,0,0,0,0,0,0,0,0,0,0,0,0,0,0,0,0,0,0,0,0,0,0,0,0,0,0,0,0,0,0,0,0,0,0,0,0,0,0,0,0,0,0,0,0,0,0,0,0,0,0,0,0,0,0,0,0,0
184,0,0,0,0,郦,0,0,0,0,0,0,0,0,0,0,0,0,0,0,0,0,0,0,0,0,0,0,0,0,0,0,0,0,0,0,0,0,0,0,0,0,0,0,0,0,0,0,0,0,0,0,0,0,0,0,0,0,0,0,0,0,0,0,0,0,0,0,0,0,0,0,0,0,0,0,0,0,0,0,0,0,0,0,0,0,0,0,0,0,0,0,0,0,0,0,0,0,0,0,0,0,0,0,0,0,0
185,0,0,0,0,嵋,0,0,0,0,0,0,0,0,0,0,0,0,0,0,0,0,0,0,0,0,0,0,0,0,0,0,0,0,0,0,0,0,0,0,0,0,0,0,0,0,0,0,0,0,0,0,0,0,0,0,0,0,0,0,0,0,0,0,0,0,0,0,0,0,0,0,0,0,0,0,0,0,0,0,0,0,0,0,0,0,0,0,0,0,0,0,0,0,0,0,0,0,0,0,0,0,0,0,0,0,0
186,0,0,0,0,椅[音漪木名],0,0,0,0,0,0,0,0,0,0,0,0,0,0,0,0,0,0,0,0,0,0,0,0,0,0,0,0,0,0,0,0,0,0,0,0,0,0,0,0,0,0,0,0,0,0,0,0,0,0,0,0,0,0,0,0,0,0,0,0,0,0,0,0,0,0,0,0,0,0,0,0,0,0,0,0,0,0,0,0,0,0,0,0,0,0,0,0,0,0,0,0,0,0,0,0,0,0,0,0,0